gene,logFC,AveExpr,t,P.Value,adj.P.Val,B
chr1-109493643-109494574,-3.930187248,9.443342963,-1.901004033,0.057453627,0.76825197,-4.592070723
chr1-12229484-12230512,-4.324627988,9.474162583,-2.061625884,0.039379976,0.76825197,-4.591436201
chr1-150560976-150561838,-4.407715476,9.382914617,-1.80256034,0.071616709,0.76825197,-4.593242834
chr1-161225413-161226338,-4.60478602,9.209277921,-1.890627515,0.058827086,0.76825197,-4.592954253
chr1-178037516-178038440,-4.598955247,9.366513999,-2.309150812,0.021042701,0.76825197,-4.589674288
chr1-179025631-179026506,-4.260444032,9.144774067,-2.062444241,0.039301981,0.76825197,-4.591317727
chr1-183635422-183636310,-4.121250797,9.820258337,-1.958045276,0.050371782,0.76825197,-4.59192981
chr1-244047847-244048846,3.403276527,9.76151402,1.942646449,0.052207394,0.76825197,-4.59061809
chr1-27234099-27234992,4.674690298,8.792194531,1.934259846,0.053230448,0.76825197,-4.592777878
chr1-3649263-3650332,-4.407715476,9.382914617,-1.80256034,0.071616709,0.76825197,-4.593242834
chr1-64966042-64966929,3.823769125,9.294495497,1.904574573,0.056987237,0.76825197,-4.591870261
chr10-22345070-22345954,-3.530139809,9.774259702,-1.908553554,0.056471214,0.76825197,-4.591271143
chr10-62373844-62374786,4.176995117,9.443342963,2.115201932,0.034543414,0.76825197,-4.59067852
chr11-10540725-10541615,-3.930187248,9.443342963,-1.901004033,0.057453627,0.76825197,-4.592070723
chr11-28107842-28108724,-4.105813427,9.443342963,-1.989289089,0.046813386,0.76825197,-4.591658321
chr11-59171473-59172426,-3.576894545,9.137259419,-1.86791888,0.061928186,0.76825197,-4.591736872
chr11-65613737-65614546,-4.407715476,9.382914617,-1.80256034,0.071616709,0.76825197,-4.593242834
chr11-67239482-67240412,-4.359709249,8.808866,-2.469921603,0.013602101,0.76825197,-4.586963292
chr11-695047-695871,3.71717429,9.484079418,1.840984326,0.065780672,0.76825197,-4.592198294
chr11-70270217-70271098,-4.799924912,9.526002546,-1.979398818,0.04791617,0.76825197,-4.592643617
chr11-9573037-9573986,-5.354781777,9.209277921,-2.223397154,0.026306991,0.76825197,-4.591727046
chr12-118376009-118376923,-5.090341846,9.262191619,-2.10310533,0.035588602,0.76825197,-4.592204017
chr12-122526551-122527474,-3.758452051,9.55609792,-1.81078167,0.070333544,0.76825197,-4.592482382
chr13-67230101-67230959,5.171162579,9.03033508,2.775299253,0.005569456,0.76825197,-4.585497219
chr14-102509451-102510310,-5.56683484,9.435828315,-2.330172592,0.019901931,0.76825197,-4.591246755
chr14-67359582-67360420,3.899988652,9.171667898,1.979779868,0.047873281,0.76825197,-4.591369425
chr14-69151261-69152209,-4.763270954,8.822289905,-1.91075617,0.056187241,0.76825197,-4.592990986
chr15-89485872-89487670,4.788922961,9.120858801,2.505747037,0.012302866,0.76825197,-4.58791539
chr16-11586568-11587479,-3.472783086,9.10460605,-1.851872229,0.064200195,0.76825197,-4.591677508
chr16-2155122-2156044,4.379396334,9.286106885,1.837391647,0.066309172,0.76825197,-4.59303311
chr16-50368471-50369313,-4.304550149,8.998031202,-2.361646774,0.018294993,0.76825197,-4.588253706
chr16-67561895-67562679,-4.690222281,9.55609792,-1.941242733,0.052377473,0.76825197,-4.592753398
chr16-67806309-67807240,-4.773814515,9.717170981,-2.396285565,0.016658954,0.76825197,-4.589162045
chr17-409778-410713,-4.459407009,9.443342963,-1.826076745,0.067996566,0.76825197,-4.593166524
chr17-68205097-68205982,-4.35347601,9.201763272,-2.391395723,0.016881823,0.76825197,-4.588024358
chr17-75904573-75905468,-3.8190389,9.665580252,-1.937639594,0.052816165,0.76825197,-4.591585391
chr18-10525698-10526587,4.976981878,8.822289905,2.103662121,0.035539907,0.76825197,-4.592066251
chr19-10568535-10569453,-4.126400798,9.507846817,-1.963032164,0.04978905,0.76825197,-4.591899484
chr19-11924677-11925622,4.21421182,9.881921707,2.405995295,0.016224057,0.76825197,-4.587343178
chr19-13879879-13880796,4.204585747,9.417323096,2.2761304,0.022949748,0.76825197,-4.58901393
chr19-2061032-2061943,4.439201041,9.169109904,1.865566579,0.062257018,0.76825197,-4.592934244
chr19-22622784-22623744,5.342920201,8.760614898,2.28162334,0.022622456,0.76825197,-4.591292799
chr19-47256604-47257514,4.107359349,9.790162962,2.085305916,0.037175562,0.76825197,-4.590817066
chr2-127407680-127408708,-4.232181917,9.558350388,-1.945207257,0.051898308,0.76825197,-4.592186696
chr2-183892178-183893134,3.399016075,9.120858801,1.856805046,0.06349455,0.76825197,-4.591480698
chr2-197804217-197805034,4.415636296,9.6730949,1.879139807,0.060379333,0.76825197,-4.592832771
chr2-20446568-20447490,3.676048724,9.403174947,1.81685966,0.069397093,0.76825197,-4.592317819
chr2-217898003-217898904,-4.104697155,9.179182546,-2.017052207,0.043831361,0.76825197,-4.591425399
chr2-218395804-218396668,3.870962647,9.197687765,2.132320936,0.033109191,0.76825197,-4.589757298
chr2-219177882-219178755,-5.384410998,8.784679882,-2.239112174,0.025264676,0.76825197,-4.591656168
chr2-48111191-48112056,-3.728309295,9.711578887,-1.861014424,0.062897476,0.76825197,-4.592060171
chr2-69306852-69307728,-3.96960708,9.477751443,-2.141806968,0.032336643,0.76825197,-4.589915467
chr2-99489737-99490705,-4.105813427,9.443342963,-1.989289089,0.046813386,0.76825197,-4.591658321
chr20-31064033-31064840,-4.577175933,8.886793759,-1.865889554,0.062211783,0.76825197,-4.593062055
chr20-33731730-33732658,4.256066225,9.878931572,1.803476137,0.07147283,0.76825197,-4.593101987
chr20-3819995-3821005,4.254517438,9.649179635,2.44834036,0.014442035,0.76825197,-4.5868801
chr20-40688826-40689745,-6.201712157,8.967935828,-2.630987227,0.008582982,0.76825197,-4.589801062
chr21-42878861-42879877,4.317698004,9.66076979,1.826901093,0.067872449,0.76825197,-4.593031917
chr22-36775853-36776748,3.517156911,9.531762083,2.012962,0.04426034,0.76825197,-4.590140285
chr22-41620669-41621588,-3.662519714,9.179182546,-2.027759711,0.042724971,0.76825197,-4.590367449
chr3-12967349-12968235,3.870653918,9.144774067,1.947793672,0.051587689,0.76825197,-4.59159287
chr3-50674626-50675693,3.979425193,9.320515364,2.007718634,0.044815444,0.76825197,-4.591273709
chr3-58305904-58306798,-4.532581038,9.245938868,-1.806996045,0.070922031,0.76825197,-4.593323196
chr3-86420890-86421896,3.450040979,9.144774067,1.954261309,0.050817757,0.76825197,-4.590614124
chr3-9792346-9793293,3.413797056,9.403174947,1.827276975,0.067815916,0.76825197,-4.591780866
chr4-2963023-2963965,3.988858356,9.507846817,2.020843386,0.043436887,0.76825197,-4.591174082
chr4-6269305-6270196,5.96248549,8.784679882,2.596022606,0.009504127,0.76825197,-4.589691104
chr4-673998-674903,3.984165929,9.894834833,1.825589075,0.06807008,0.76825197,-4.592677162
chr4-99950037-99950980,-4.705027324,9.147602913,-2.392740035,0.016820292,0.76825197,-4.589027051
chr5-103258284-103259105,-4.265548935,9.596265937,-2.075628383,0.03806342,0.76825197,-4.591213843
chr5-115544351-115545238,3.912967136,9.10460605,1.96797206,0.049217398,0.76825197,-4.591497171
chr5-157142354-157143300,-4.490164945,9.534590929,-2.500372574,0.012490477,0.76825197,-4.587004719
chr5-157743289-157744158,-4.105813427,9.443342963,-1.989289089,0.046813386,0.76825197,-4.591658321
chr5-55994586-55995531,-4.755458073,9.144774067,-1.897130641,0.057963164,0.76825197,-4.593055516
chr6-36680050-36680968,-3.58438034,9.171667898,-2.024392669,0.043070307,0.76825197,-4.590196854
chr7-100177118-100178032,-5.276411845,8.665221154,-2.750014343,0.006016096,0.76825197,-4.586232564
chr7-16420569-16421626,4.77481768,9.81028194,2.028136754,0.042686446,0.76825197,-4.592317202
chr7-73556972-73557788,4.469512971,9.144774067,1.840841448,0.065801623,0.76825197,-4.59309798
chr8-47960493-47961346,-4.486251764,9.477751443,-1.827771028,0.06774167,0.76825197,-4.593181079
chr8-60678144-60679043,-3.615413224,9.225678538,-1.822832737,0.068486813,0.76825197,-4.592176755
chr8-90645516-90646462,5.568514839,9.435828315,2.438156837,0.014854035,0.76825197,-4.590390184
chr8-93740546-93741434,4.531804386,9.090763427,2.335926495,0.019599264,0.76825197,-4.589216978
chr9-109013119-109013967,4.849452099,9.185510521,2.027326664,0.042769254,0.76825197,-4.592407663
chr9-112717713-112718625,-4.905496679,9.366513999,-2.024893393,0.043018802,0.76825197,-4.592483892
chr9-137604926-137605954,-5.808394334,9.498227567,-2.446029877,0.014534617,0.76825197,-4.590709928
chr9-35646440-35647351,-4.136599853,9.711578887,-2.055396151,0.039978035,0.76825197,-4.591150494
chr9-64020630-64021572,-3.789558546,9.144774067,-1.825257094,0.068120162,0.76825197,-4.592422944
chrX-93673044-93674001,-4.643881273,9.120858801,-1.890572042,0.058834501,0.76825197,-4.592990789
chr1-11925878-11926914,-3.592194463,9.864739459,-1.703064667,0.088720554,0.774660854,-4.592990081
chr13-24922451-24923370,-3.066924833,9.647075033,-1.751377775,0.080043231,0.774660854,-4.591762661
chr14-103333678-103334570,-4.224326974,9.145342505,-1.705575554,0.08825162,0.774660854,-4.593567079
chr14-52552204-52553130,3.018888792,9.408934484,1.76168294,0.078284708,0.774660854,-4.591553273
chr15-73696609-73697694,3.282870394,9.157519749,1.744967206,0.081153276,0.774660854,-4.592241217
chr16-88662808-88663702,3.524810093,9.336418625,1.727784719,0.084190353,0.774660854,-4.592741992
chr17-82297777-82298749,-4.196189981,9.443342963,-1.699195625,0.089447069,0.774660854,-4.593575736
chr18-5295909-5296780,-4.316476106,9.55609792,-1.762190466,0.078198921,0.774660854,-4.59336904
chr18-57427531-57429310,-3.544709245,9.524247434,-1.716728526,0.086192804,0.774660854,-4.592843002
chr19-40425490-40426353,-4.000871947,9.320515364,-1.707174202,0.087954099,0.774660854,-4.593380998
chr2-62505596-62506528,2.95863927,10.31672868,1.739924568,0.082035213,0.774660854,-4.591629224
chr20-44521577-44522469,-4.196189981,9.443342963,-1.699195625,0.089447069,0.774660854,-4.593575736
chr3-49021330-49022289,-3.627311326,9.830330979,-1.718155149,0.085932276,0.774660854,-4.592936141
chr3-53255567-53256426,-3.03642719,9.864739459,-1.737466527,0.082467926,0.774660854,-4.591828329
chr4-2261865-2262796,-3.392821779,9.507846817,-1.764836748,0.077752861,0.774660854,-4.592268543
chr4-39527175-39528102,3.58753218,9.354923844,1.737820415,0.082405513,0.774660854,-4.592756795
chr4-84582438-84583322,4.129614168,9.612666554,1.751194223,0.080074842,0.774660854,-4.593265789
chr6-41786123-41787015,-3.319554412,9.417323096,-1.737838437,0.082402336,0.774660854,-4.592361082
chr7-155457212-155458155,-4.196189981,9.443342963,-1.699195625,0.089447069,0.774660854,-4.593575736
chr7-99558194-99559144,-4.366678477,9.566170562,-1.779444642,0.07532772,0.774660854,-4.593324733
chr9-136944190-136945063,-4.439058916,8.862290478,-1.710199942,0.087393202,0.774660854,-4.593694071
chr2-70142168-70143008,-3.209484404,9.885215583,-1.688796108,0.091423639,0.780144512,-4.592564931
chr7-44606311-44607244,2.963417697,10.12889988,1.6829014,0.092559518,0.780144512,-4.59217757
chr9-4984563-4985473,-4.163046488,9.408934484,-1.685674803,0.092023693,0.780144512,-4.593613375
chr4-139177663-139178414,2.909675735,9.566170562,1.672635037,0.094564845,0.784196717,-4.592162038
chr5-177454121-177455051,3.974833048,9.544507764,1.671940682,0.094701722,0.784196717,-4.593535139
chr2-37231156-37232079,3.218287041,9.197687765,1.666559387,0.09576792,0.786129712,-4.592744861
chr1-152312993-152314304,2.937452897,9.443342963,1.546674082,0.12210945,0.787241596,-4.593197232
chr1-197200922-197201828,-4.058000354,9.090763427,-1.55557325,0.119977205,0.787241596,-4.594078746
chr1-201888236-201889189,-3.354787503,9.443342963,-1.337801151,0.181122383,0.787241596,-4.594493576
chr1-211830222-211831106,2.954161923,9.566170562,1.45966832,0.144547614,0.787241596,-4.593744532
chr1-212284849-212285772,-3.536287858,9.507846817,-1.633218748,0.102589738,0.787241596,-4.593346473
chr1-244451598-244452484,-2.565862202,9.788407851,-1.343608188,0.179236577,0.787241596,-4.594020671
chr1-46246881-46248263,2.937452897,9.443342963,1.546674082,0.12210945,0.787241596,-4.593197232
chr1-54764177-54765084,-2.966612775,9.205770851,-1.515783989,0.129741381,0.787241596,-4.593432151
chr1-58903405-58904346,-4.041084162,9.120858801,-1.620935102,0.105198542,0.787241596,-4.593813393
chr1-8878465-8879398,3.729098307,9.550267301,1.527131708,0.126895765,0.787241596,-4.594005398
chr10-101353598-101354498,-3.845822034,9.334357988,-1.547784244,0.121841848,0.787241596,-4.593992056
chr10-35336075-35337074,-2.659465824,9.584675781,-1.304773352,0.192129048,0.787241596,-4.594277935
chr10-41874912-41875794,1.679968243,11.32967086,1.349281372,0.177408388,0.787241596,-4.592500557
chr10-44864564-44865493,3.605356049,9.596265937,1.458572737,0.144849075,0.787241596,-4.59419941
chr10-86710954-86711835,2.570559404,9.531762083,1.479144364,0.139268557,0.787241596,-4.593162523
chr10-95656257-95657114,2.749604776,9.366513999,1.451558365,0.146790582,0.787241596,-4.593583467
chr11-102109956-102110756,-2.93424077,9.830330979,-1.428275343,0.153378021,0.787241596,-4.593892125
chr11-130069258-130070163,-2.814247671,10.11116287,-1.435807155,0.151222878,0.787241596,-4.593743549
chr11-59615542-59616585,-3.516101949,9.417323096,-1.417033053,0.156638252,0.787241596,-4.594303257
chr11-64251018-64251896,2.870145812,9.421680165,1.480021958,0.139034226,0.787241596,-4.593543049
chr11-64778378-64779310,3.205343908,9.726008599,1.333680091,0.182469591,0.787241596,-4.594447707
chr11-65314374-65315244,3.041915847,9.361251819,1.315933675,0.188356059,0.787241596,-4.594437357
chr11-65540305-65541170,-3.331622053,9.665580252,-1.335869805,0.181752833,0.787241596,-4.594490831
chr11-65860255-65861074,-3.204294719,9.584675781,-1.279210559,0.200980111,0.787241596,-4.594614177
chr11-72793425-72794341,-3.354787503,9.443342963,-1.337801151,0.181122383,0.787241596,-4.594493576
chr12-123601569-123602494,3.4495265,9.245938868,1.42341635,0.154780721,0.787241596,-4.594248462
chr12-56636532-56637255,-2.640190752,9.157519749,-1.326922773,0.184694684,0.787241596,-4.594163094
chr12-68932791-68933857,-3.14777632,9.197687765,-1.559021293,0.119158939,0.787241596,-4.593371081
chr12-71754489-71755365,2.937452897,9.443342963,1.546674082,0.12210945,0.787241596,-4.593197232
chr12-990717-991626,-2.407688084,10.12889988,-1.305323119,0.191941894,0.787241596,-4.594090613
chr13-20525390-20526338,3.885988057,9.245938868,1.610854679,0.107378556,0.787241596,-4.593752685
chr13-91347143-91348059,2.690150008,9.70750338,1.316430262,0.188189458,0.787241596,-4.594245749
chr14-105300777-105301673,-3.305815565,9.443342963,-1.302876976,0.192775648,0.787241596,-4.594579595
chr14-105490520-105491435,2.46746207,9.393258111,1.392924813,0.163806517,0.787241596,-4.593628961
chr14-60091546-60092491,-3.894096555,9.385019218,-1.5606352,0.118777444,0.787241596,-4.593969454
chr14-88792440-88793345,-2.348960102,9.94564393,-1.336256462,0.181626486,0.787241596,-4.593855429
chr14-92748181-92749082,2.779463755,9.491594066,1.519048911,0.128917617,0.787241596,-4.593175183
chr14-92793746-92794648,-3.106640178,9.373429063,-1.27971712,0.200801871,0.787241596,-4.594580461
chr15-34209514-34210452,-2.380731319,9.699988732,-1.291729058,0.196609094,0.787241596,-4.594140806
chr15-34583247-34584224,-3.086665689,10.00248342,-1.293675655,0.19593572,0.787241596,-4.594530039
chr15-40108500-40109396,2.880263731,9.443342963,1.32493481,0.185353104,0.787241596,-4.594323369
chr15-73051758-73052672,2.319058454,9.887170465,1.371874581,0.170265473,0.787241596,-4.593584932
chr16-2882478-2883387,-3.367484428,9.814427718,-1.356795123,0.175008515,0.787241596,-4.594439074
chr16-29805211-29806230,2.570559404,9.531762083,1.479144364,0.139268557,0.787241596,-4.593162523
chr16-49281635-49282596,3.816342938,9.443342963,1.587220621,0.112630135,0.787241596,-4.593808898
chr16-89873697-89874526,-2.995435977,9.443342963,-1.487472736,0.137056984,0.787241596,-4.59362999
chr17-21213866-21214819,-3.311060586,10.0944914,-1.48677178,0.13724207,0.787241596,-4.593902966
chr17-46193334-46194253,3.454093546,9.016186931,1.427517214,0.153596239,0.787241596,-4.59423579
chr17-47970515-47971433,-3.022298052,9.596265937,-1.30105197,0.193399424,0.787241596,-4.594480016
chr17-4967137-4968060,3.832403972,9.302010145,1.603806321,0.10892401,0.787241596,-4.593746327
chr17-50200024-50200984,2.859449273,9.403174947,1.383746018,0.166599805,0.787241596,-4.594052639
chr17-7239185-7240081,3.123740119,9.320515364,1.281850022,0.200052651,0.787241596,-4.594579966
chr17-75525113-75526000,-4.045332362,9.137259419,-1.630000285,0.103268244,0.787241596,-4.593777653
chr17-8152051-8152961,2.788428792,9.477751443,1.446004914,0.1483418,0.787241596,-4.59365873
chr18-28177495-28178403,4.006336467,9.157519749,1.586336877,0.112830368,0.787241596,-4.593933553
chr18-62522541-62523640,-3.529584443,9.197687765,-1.348997989,0.177499377,0.787241596,-4.594522498
chr19-1249217-1250007,2.995181439,10.08441875,1.546170771,0.122230924,0.787241596,-4.593273632
chr19-1266322-1267294,2.737426302,9.10460605,1.50649909,0.132106388,0.787241596,-4.593205427
chr19-12890157-12891487,-2.679619191,9.197687765,-1.313165581,0.189286732,0.787241596,-4.594253523
chr19-17215061-17215958,-3.067085257,9.393258111,-1.587349695,0.112600914,0.787241596,-4.593091835
chr19-18636120-18637279,-3.248749657,9.403174947,-1.504576831,0.132600169,0.787241596,-4.593768621
chr19-19663393-19664310,-2.866775138,9.443342963,-1.452092831,0.146641949,0.787241596,-4.59370301
chr19-40777777-40778844,3.505811429,9.632926884,1.46481741,0.143137234,0.787241596,-4.594122291
chr19-44845717-44846605,3.840512987,9.6730949,1.616689446,0.106112393,0.787241596,-4.593693401
chr19-58362262-58363293,-3.375074178,9.03033508,-1.35025106,0.177097301,0.787241596,-4.594462784
chr2-172555552-172556437,-2.813724555,9.798751346,-1.394620226,0.163294457,0.787241596,-4.593963459
chr2-173963580-173964543,3.028084858,9.753502015,1.300452154,0.19360476,0.787241596,-4.594484473
chr2-209423481-209424390,3.215315267,9.524247434,1.525647907,0.127265064,0.787241596,-4.593629959
chr2-218405999-218406936,3.330623081,9.649179635,1.349356136,0.177384388,0.787241596,-4.594448046
chr2-88627174-88628118,3.15512546,9.921578945,1.360984509,0.173681008,0.787241596,-4.594329274
chr2-90385044-90386463,3.840092695,9.558655914,1.620289585,0.105337082,0.787241596,-4.593676388
chr2-99140869-99141767,2.972873392,9.632926884,1.347419441,0.178006858,0.787241596,-4.59428496
chr20-28889422-28890357,2.997583537,9.772007234,1.433161377,0.151977291,0.787241596,-4.593919312
chr20-35615886-35616783,3.18380301,9.443342963,1.309449204,0.19054156,0.787241596,-4.594517145
chr20-49277854-49278802,-2.785301024,9.619084261,-1.390983024,0.164394476,0.787241596,-4.593958555
chr20-5126358-5127290,-3.498473771,10.35433871,-1.604847458,0.108694624,0.787241596,-4.593466726
chr21-36156137-36157050,2.584675096,9.967518019,1.517287525,0.129361521,0.787241596,-4.592886842
chr21-36747441-36748391,2.821399282,9.45142605,1.363878516,0.17276838,0.787241596,-4.594118536
chr22-19953294-19954240,2.926666084,9.70750338,1.551974154,0.120836009,0.787241596,-4.593146815
chr22-21735480-21736411,3.269162706,9.983253952,1.547813051,0.12183491,0.787241596,-4.593560252
chr22-50525322-50526113,-3.871284576,9.137259419,-1.5520041,0.120828844,0.787241596,-4.593990252
chr3-105868645-105869576,3.140738582,9.544507764,1.294011363,0.195819762,0.787241596,-4.594549083
chr3-129314522-129315479,-3.992788144,9.423651071,-1.620991652,0.105186413,0.787241596,-4.593781421
chr3-138834470-138835334,3.689940748,9.584675781,1.536689963,0.12453681,0.787241596,-4.593942067
chr4-17576840-17577778,-3.29244595,9.510099285,-1.381881976,0.167171422,0.787241596,-4.594320864
chr4-75940573-75941340,2.630247389,9.385019218,1.450867765,0.146982805,0.787241596,-4.593446124
chr5-102754738-102755624,-3.418990729,9.703357602,-1.429963828,0.152892859,0.787241596,-4.594208399
chr5-132490421-132491262,-2.577320981,10.38874719,-1.33560575,0.181839155,0.787241596,-4.594071974
chr5-139660955-139661773,3.189775374,9.524247434,1.280343838,0.200581513,0.787241596,-4.594606341
chr5-172770782-172771632,-2.730696366,9.734091685,-1.395387652,0.163063071,0.787241596,-4.593888219
chr5-34192002-34192992,2.478751021,9.544507764,1.30536521,0.191927571,0.787241596,-4.594148291
chr5-80109640-80110669,-3.798652728,9.197687765,-1.516680377,0.129514809,0.787241596,-4.594085682
chr5-94111126-94112052,3.461047864,9.147602913,1.358042311,0.174612524,0.787241596,-4.594471509
chr6-146543222-146544134,2.694651726,9.760417078,1.471577398,0.141301688,0.787241596,-4.5933892
chr6-158167869-158168776,2.969579093,9.262191619,1.57811569,0.114706556,0.787241596,-4.593023137
chr6-166382702-166383615,3.27499807,9.447418471,1.384052796,0.166505871,0.787241596,-4.594304467
chr6-32195377-32196266,-2.6606392,9.726008599,-1.379814673,0.167807093,0.787241596,-4.593909414
chr6-39114544-39115484,-2.659465824,9.584675781,-1.304773352,0.192129048,0.787241596,-4.594277935
chr6-71288343-71289234,-3.640991753,9.373429063,-1.421727122,0.155270647,0.787241596,-4.594343006
chr7-134316458-134317344,-2.78388726,9.838763555,-1.387848135,0.165347052,0.787241596,-4.593973392
chr7-21427732-21428395,3.136332178,9.524247434,1.454424401,0.145994899,0.787241596,-4.593924299
chr7-33062409-33063335,-3.481502051,9.544507764,-1.383009797,0.166825395,0.787241596,-4.594401456
chr7-76379648-76380579,-2.918710257,9.403174947,-1.307221157,0.19129679,0.787241596,-4.594411347
chr8-101205327-101206200,-2.974128466,9.382914617,-1.279819064,0.200766015,0.787241596,-4.594531153
chr8-142614038-142615071,-2.626157955,9.524247434,-1.355198026,0.175516584,0.787241596,-4.594010712
chr8-144358093-144359032,-2.489167897,10.23989972,-1.388979123,0.165002909,0.787241596,-4.593680011
chr8-28411603-28412533,-3.353842054,9.382914617,-1.296775598,0.194866869,0.787241596,-4.594611648
chr8-30657738-30658664,-3.695207578,9.320515364,-1.585441826,0.113033449,0.787241596,-4.593730062
chr8-37736092-37736984,2.749604776,9.366513999,1.451558365,0.146790582,0.787241596,-4.593583467
chr8-72536562-72537635,-3.354787503,9.443342963,-1.337801151,0.181122383,0.787241596,-4.594493576
chr8-83377137-83378856,-3.231129097,9.443342963,-1.50549509,0.132364113,0.787241596,-4.593749231
chr9-101398292-101399210,3.227592013,9.619084261,1.53592126,0.12472525,0.787241596,-4.593585787
chr9-124770892-124771821,2.756458327,9.987567058,1.624035291,0.104535203,0.787241596,-4.592290596
chr9-128094051-128094979,-2.601222864,9.320515364,-1.332181936,0.182961189,0.787241596,-4.594108253
chr9-129488193-129489101,-3.344140331,9.584675781,-1.499793081,0.133835203,0.787241596,-4.593866894
chr9-136686961-136687900,2.67606082,9.060430455,1.482934553,0.138258698,0.787241596,-4.593286742
chr9-33024795-33025651,-3.04197486,9.13901453,-1.65340554,0.098414604,0.787241596,-4.5925686
chr9-34637341-34638251,-3.965927604,9.185510521,-1.595761123,0.110709497,0.787241596,-4.593870675
chr9-35748750-35749656,3.066860276,9.382914617,1.372600792,0.17003951,0.787241596,-4.594237222
chr9-70418626-70419538,-3.516101949,9.417323096,-1.417033053,0.156638252,0.787241596,-4.594303257
chr9-94030313-94031254,-3.385666196,9.737598754,-1.351583137,0.176670618,0.787241596,-4.594462729
chrX-131802514-131803610,-2.85515798,9.531762083,-1.281013745,0.200346164,0.787241596,-4.594476989
chrX-135031893-135032724,-3.457834182,9.584675781,-1.383359089,0.166718337,0.787241596,-4.594390473
chrX-136767009-136767951,-2.995435977,9.443342963,-1.487472736,0.137056984,0.787241596,-4.59362999
chrX-152830403-152831343,-3.443159802,9.120858801,-1.37304347,0.16990188,0.787241596,-4.594417734
chrX-3713147-3713990,3.863991026,9.320515364,1.605042294,0.108651739,0.787241596,-4.593763147
chr16-33339413-33340294,3.04548771,9.558655914,1.276777116,0.201837958,0.787334843,-4.594567812
chr1-228734972-228735855,2.310697449,9.320515364,1.268870504,0.204643664,0.793340402,-4.594205126
chr4-183505746-183506647,-2.547517635,9.403174947,-1.267708682,0.205058324,0.793340402,-4.59437157
chr3-179260944-179261838,3.09919385,9.647075033,1.264425122,0.206233547,0.794630483,-4.594623037
chr10-24724320-24725212,2.101612068,9.822816331,1.251547064,0.210889996,0.805243637,-4.594122238
chr17-81142542-81143417,-3.151329734,9.197687765,-1.247786404,0.212264025,0.805243637,-4.594684535
chr2-120252423-120253421,-2.649949608,9.937255317,-1.240340512,0.215003593,0.805243637,-4.594532518
chr4-124712315-124713242,-2.319536436,9.675923747,-1.238156106,0.215812119,0.805243637,-4.59436463
chr5-172187997-172189008,3.125206035,9.060430455,1.238879959,0.215543953,0.805243637,-4.594700901
chr8-38176315-38177197,-3.151329734,9.197687765,-1.247786404,0.212264025,0.805243637,-4.594684535
chr9-113410054-113410990,-3.268121797,9.120858801,-1.241814458,0.214459269,0.805243637,-4.594729581
chrX-1452674-1453586,2.924800396,9.373429063,1.241300265,0.214649046,0.805243637,-4.594634468
chr19-5680331-5681235,2.832840662,9.366513999,1.231696121,0.218216006,0.811007519,-4.594632914
chr10-3785004-3785905,2.769241671,9.524247434,1.228776649,0.219308694,0.811872185,-4.594619839
chr5-49661033-49661897,1.26140874,12.24287511,1.220171681,0.222552183,0.820661175,-4.592875762
chr19-18109549-18110492,1.955778841,10.74415557,1.211817285,0.225733967,0.822752375,-4.594227633
chr6-28923471-28924342,2.974262369,9.171667898,1.214911567,0.224551737,0.822752375,-4.59472409
chrY-11333694-11334494,1.597825082,10.56238388,1.211853826,0.22571998,0.822752375,-4.593788032
chr8-70608006-70608717,-2.925255627,9.2436864,-1.206809942,0.227656529,0.826568319,-4.594732853
chr1-16613076-16613991,2.374012846,9.902846838,1.196408996,0.231687212,0.832035275,-4.594575025
chr11-61870930-61871803,-2.278694963,9.2436864,-1.196103309,0.231806438,0.832035275,-4.594530074
chr7-138459794-138460649,2.757317991,9.983253952,1.199277721,0.230570463,0.832035275,-4.594706977
chr1-103525310-103526316,1.902860219,9.484079418,0.948619529,0.342935559,0.834137426,-4.595245494
chr1-10398530-10399406,-2.034788494,9.566170562,-0.881704443,0.378048892,0.834137426,-4.595329314
chr1-110034365-110035321,-2.311661859,9.361251819,-0.916803572,0.359362672,0.834137426,-4.595245687
chr1-113904632-113905579,-1.975432698,10.03616765,-0.970954218,0.331695449,0.834137426,-4.59519029
chr1-117366629-117367608,1.995683076,9.70750338,1.115137245,0.264933535,0.834137426,-4.594743273
chr1-11805546-11806579,2.407630224,9.320515364,1.082851096,0.279012795,0.834137426,-4.594946687
chr1-147172123-147173008,1.872126324,9.566170562,1.026805666,0.304643513,0.834137426,-4.595040631
chr1-147669211-147669973,2.140008665,9.443342963,0.884575544,0.376498236,0.834137426,-4.595306093
chr1-150293428-150294332,-1.836571979,9.566170562,-0.947118446,0.343699629,0.834137426,-4.595258166
chr1-151546860-151547738,1.912844909,9.524247434,0.914337659,0.360656201,0.834137426,-4.595308065
chr1-153633606-153634606,-1.962344456,9.632926884,-0.849572227,0.395670672,0.834137426,-4.595380986
chr1-153922600-153923536,1.792550245,9.588751288,1.010319665,0.312471624,0.834137426,-4.595089515
chr1-155688367-155689242,-2.253162223,9.443342963,-0.909296851,0.363309513,0.834137426,-4.595261306
chr1-16623692-16624756,-2.299409657,9.507846817,-1.159929137,0.246224319,0.834137426,-4.594683071
chr1-172532515-172533411,2.018380453,9.443342963,0.902084608,0.36712699,0.834137426,-4.595306485
chr1-19485254-19486193,2.053056409,9.507846817,1.176588894,0.239507954,0.834137426,-4.594493415
chr1-202144187-202144986,2.144691817,9.524247434,1.015328452,0.31007938,0.834137426,-4.595086562
chr1-203304997-203305897,-1.816004746,9.373429063,-0.862894518,0.38830506,0.834137426,-4.595408804
chr1-205749167-205750010,2.367165976,9.507846817,1.131896328,0.257821763,0.834137426,-4.594800428
chr1-225923873-225924781,1.891365021,9.443342963,1.03067718,0.302824243,0.834137426,-4.595029824
chr1-244862745-244863694,-2.240171995,9.584675781,-0.854592005,0.392885479,0.834137426,-4.595316322
chr1-24642644-24643595,-2.563873329,9.320515364,-1.164145354,0.244512198,0.834137426,-4.594755473
chr1-31296478-31297411,-2.92004405,9.366513999,-1.136625691,0.255839039,0.834137426,-4.594899607
chr1-3313052-3313890,2.645662311,9.382914617,1.025264079,0.30536994,0.834137426,-4.59508205
chr1-36149138-36149995,1.441198941,10.03406305,0.842395855,0.399673109,0.834137426,-4.595617093
chr1-92784651-92785549,-3.007162854,9.693571025,-1.18600333,0.235770218,0.834137426,-4.594804717
chr10-110497397-110498274,-1.899354573,9.320515364,-0.979594252,0.327411948,0.834137426,-4.595175196
chr10-127796964-127798904,2.677677904,9.649179635,1.18992969,0.234223637,0.834137426,-4.594710937
chr10-41883772-41884623,2.643543938,9.584675781,1.029202182,0.303516508,0.834137426,-4.595075582
chr10-43105138-43105969,1.942964383,9.382914617,0.939437316,0.347626431,0.834137426,-4.595258188
chr10-45672229-45673170,-2.770956102,9.385019218,-1.131065771,0.258171061,0.834137426,-4.594888242
chr10-71212172-71213053,1.615867584,9.897087301,0.86324365,0.388113164,0.834137426,-4.595484459
chr10-93702152-93703087,-3.07469264,9.03033508,-1.15272595,0.249168812,0.834137426,-4.59488961
chr11-113875139-113876055,1.986334069,9.443342963,1.07137975,0.284135649,0.834137426,-4.594907508
chr11-12673908-12674771,-2.088846954,9.913340052,-0.867128554,0.385981768,0.834137426,-4.595333985
chr11-41955629-41956584,-2.650069605,9.120858801,-1.024109211,0.30591489,0.834137426,-4.595084022
chr11-48900061-48901072,-2.288336543,9.443342963,-0.855943144,0.392137844,0.834137426,-4.59530711
chr11-575638-576596,1.824225637,9.994244523,0.977295411,0.328548128,0.834137426,-4.595186142
chr11-6389906-6390842,1.646666211,10.6123901,1.095095519,0.273614471,0.834137426,-4.59468607
chr11-66856016-66856834,2.624925533,9.382914617,1.104077075,0.269700398,0.834137426,-4.594927263
chr11-74467064-74467979,2.784462139,9.324590872,1.109944939,0.267164101,0.834137426,-4.594936468
chr11-819101-819914,-2.557469736,9.584675781,-1.082462638,0.279185237,0.834137426,-4.594967107
chr11-95789212-95790090,-2.015012454,9.983253952,-1.13128839,0.258077404,0.834137426,-4.594682718
chr12-105107345-105108364,2.297846914,9.171667898,1.100973479,0.271048544,0.834137426,-4.594878216
chr12-111841747-111842627,2.092595268,9.403174947,0.919885299,0.357750215,0.834137426,-4.595269107
chr12-121399660-121400518,-2.252097625,10.0265484,-1.068598404,0.285387274,0.834137426,-4.594961732
chr12-130838767-130839626,-1.759189054,9.443342963,-0.949407508,0.342534903,0.834137426,-4.595265174
chr12-21527399-21528274,1.801499826,9.443342963,0.824077257,0.409999752,0.834137426,-4.59545598
chr12-27779743-27780675,-1.830977696,9.461848182,-1.028651467,0.303775246,0.834137426,-4.595030892
chr12-43758454-43759360,2.361326893,9.975739304,1.111037902,0.266693504,0.834137426,-4.594862178
chr12-64451715-64452637,1.551994296,10.06291176,0.950164534,0.342150268,0.834137426,-4.595304801
chr12-6851914-6852793,-1.605007452,10.04505362,-0.87657705,0.380827926,0.834137426,-4.595466467
chr12-9064524-9065308,1.708832071,9.443342963,0.926765063,0.35416698,0.834137426,-4.595328915
chr12-93441623-93442491,2.555976218,9.373429063,1.077184424,0.281535497,0.834137426,-4.594978512
chr13-113490407-113491323,2.517317483,9.137259419,0.96458335,0.334877073,0.834137426,-4.595171393
chr13-45340934-45341761,-2.424889842,9.94564393,-1.116127658,0.264509525,0.834137426,-4.594861209
chr13-51452798-51453703,1.875541779,9.808668181,0.916150498,0.359704967,0.834137426,-4.595312494
chr13-51583793-51584729,-1.609451217,10.27656067,-1.023912113,0.30600796,0.834137426,-4.595026381
chr13-52450133-52450964,2.85738851,9.491594066,1.109633474,0.267298314,0.834137426,-4.594946282
chr14-23301073-23302211,1.792065915,9.260087018,0.903739609,0.366248785,0.834137426,-4.595353896
chr14-58244343-58245291,-2.364874892,9.526352036,-0.874482861,0.381966573,0.834137426,-4.595280954
chr14-70809184-70810078,-2.053498976,9.443342963,-0.879501584,0.379241301,0.834137426,-4.595328029
chr15-28456807-28457885,2.205318821,9.060430455,1.046688657,0.295377176,0.834137426,-4.595013729
chr15-66842181-66843053,-2.220946351,9.524247434,-0.969888884,0.332226113,0.834137426,-4.595177209
chr15-90902332-90903127,2.545866677,9.336418625,1.059018002,0.289727048,0.834137426,-4.595015643
chr16-33337643-33339117,1.427390304,9.918750099,0.82609369,0.408855324,0.834137426,-4.595652708
chr16-34581926-34582723,0.961922233,11.73314816,0.824348121,0.409845912,0.834137426,-4.596301341
chr16-34594498-34595641,-1.133299948,11.82177857,-0.975338922,0.329517118,0.834137426,-4.595312508
chr16-401407-402450,1.989495587,9.795922499,0.958411131,0.337978197,0.834137426,-4.595215482
chr16-46384296-46385198,-2.025158271,9.70750338,-0.904897383,0.365635208,0.834137426,-4.595301332
chr16-46398630-46399474,-1.313599414,12.05380627,-1.150143839,0.250230292,0.834137426,-4.59390637
chr16-47037444-47038399,-2.436154038,9.526002546,-0.923262863,0.355988211,0.834137426,-4.595226201
chr16-57735083-57736026,1.907806248,9.320515364,1.037454012,0.299657168,0.834137426,-4.59500953
chr16-58629689-58630641,2.023127393,9.600579042,1.121430852,0.26224712,0.834137426,-4.594727658
chr16-679601-680615,2.031388394,9.70750338,1.152443282,0.24928486,0.834137426,-4.594596087
chr16-720785-721738,-1.698089708,9.830330979,-0.986630072,0.323950443,0.834137426,-4.595167369
chr16-88452619-88453833,2.120965338,9.584675781,0.826581437,0.40857879,0.834137426,-4.595360613
chr16-89657377-89658316,2.687972815,9.534590929,1.113341532,0.265703499,0.834137426,-4.594915472
chr17-18260189-18261083,2.930480722,9.531762083,1.140164764,0.254362282,0.834137426,-4.594893719
chr17-22520715-22522151,0.907946714,12.62374904,0.861950866,0.388824019,0.834137426,-4.596287856
chr17-28380866-28381982,2.558366793,9.403174947,0.983230729,0.325619873,0.834137426,-4.595144919
chr17-31558645-31559554,-2.447103608,9.336418625,-0.988007261,0.323275692,0.834137426,-4.595139914
chr17-39952595-39953545,2.190283409,9.649179635,0.941594967,0.346520508,0.834137426,-4.595225295
chr17-44186435-44187310,1.954908366,9.443342963,0.935682037,0.349556584,0.834137426,-4.595263439
chr17-45893946-45894884,2.631186801,9.209277921,1.177355077,0.239202208,0.834137426,-4.594735029
chr17-4987093-4987970,1.903515984,9.544507764,0.828084496,0.40772731,0.834137426,-4.595417566
chr17-62965811-62966735,-1.509946089,9.443342963,-0.834259315,0.404240413,0.834137426,-4.595584781
chr17-68035238-68036104,2.717872382,9.524247434,1.055651918,0.291262335,0.834137426,-4.595034253
chr17-7014370-7015301,1.903054723,9.723406641,0.828356309,0.407573443,0.834137426,-4.59541748
chr17-78781987-78782866,2.116355479,9.524247434,0.931384,0.351774044,0.834137426,-4.595248872
chr17-83051428-83052338,2.624925533,9.382914617,1.104077075,0.269700398,0.834137426,-4.594927263
chr18-11980690-11981626,1.358738095,10.08266364,0.894111246,0.371376334,0.834137426,-4.595556886
chr19-1039559-1040470,2.492162815,9.179182546,0.980947364,0.32674438,0.834137426,-4.595149641
chr19-10960470-10961467,-1.865568709,10.34682406,-0.872642082,0.382969161,0.834137426,-4.59538139
chr19-11374477-11375418,2.186240203,9.090763427,0.872605898,0.382988885,0.834137426,-4.595310204
chr19-14529057-14529954,2.035121124,9.918750099,0.986820958,0.323856865,0.834137426,-4.595151939
chr19-16495850-16496752,1.966692558,10.17750047,0.863004455,0.388244628,0.834137426,-4.595366024
chr19-2050808-2051750,-1.781059714,10.58496461,-1.02453972,0.30571167,0.834137426,-4.595040648
chr19-36139505-36140400,-2.42411724,9.443342963,-0.914283959,0.360684403,0.834137426,-4.595236895
chr19-36489167-36490138,2.195845617,9.403174947,0.907982653,0.364003266,0.834137426,-4.595270418
chr19-5904145-5904989,-2.357819077,9.060430455,-0.991166966,0.321731067,0.834137426,-4.595136142
chr2-11154846-11155791,-1.870489175,10.28182285,-1.127479743,0.259682966,0.834137426,-4.594632217
chr2-177212267-177213079,2.039735765,9.912990562,0.963978123,0.335180345,0.834137426,-4.595199923
chr2-19349922-19350878,1.991213968,9.647075033,1.046712858,0.295366014,0.834137426,-4.594990022
chr2-197515621-197516510,-1.732022508,9.566170562,-0.927185913,0.353948524,0.834137426,-4.595322385
chr2-200811247-200812089,-2.236742652,9.382914617,-0.834385758,0.404169199,0.834137426,-4.595331418
chr2-201451267-201452201,-2.374700634,9.403174947,-0.887000712,0.37519149,0.834137426,-4.595268876
chr2-207529399-207530328,1.966918017,9.98550642,1.068477321,0.285441847,0.834137426,-4.594913643
chr2-217922181-217923136,2.10237509,9.566170562,1.024240196,0.30585305,0.834137426,-4.595063161
chr2-224585112-224585991,-1.568336783,9.147602913,-0.843030851,0.399317977,0.834137426,-4.595538676
chr2-27211676-27212603,2.092173016,9.699988732,0.890796627,0.373151786,0.834137426,-4.595307491
chr2-30146307-30147238,1.572711074,10.6485945,0.839092852,0.401523435,0.834137426,-4.595541856
chr2-30230959-30231853,2.140008665,9.443342963,0.884575544,0.376498236,0.834137426,-4.595306093
chr2-41840562-41841446,-2.478681646,9.10460605,-0.908618272,0.363667625,0.834137426,-4.595237328
chr2-60881010-60881932,2.706195777,9.417323096,1.129673183,0.258757463,0.834137426,-4.594880412
chr20-28871293-28872182,2.717095358,9.723406641,1.167144729,0.243299314,0.834137426,-4.594787127
chr20-31067929-31068856,-1.173324413,11.34647652,-0.87499833,0.38168611,0.834137426,-4.595775647
chr20-35664392-35665266,-2.077752949,9.918750099,-0.990129066,0.322237913,0.834137426,-4.59514339
chr20-38961868-38962767,-1.990432801,9.983253952,-1.181458215,0.237569539,0.834137426,-4.594428062
chr20-62142993-62143940,-2.288336543,9.443342963,-0.855943144,0.392137844,0.834137426,-4.59530711
chr21-10362880-10363744,-2.041876451,9.753502015,-1.129041194,0.259023891,0.834137426,-4.594703464
chr21-33479579-33480470,1.840654551,10.26591959,1.007581842,0.313784363,0.834137426,-4.595099349
chr22-12693324-12694311,1.882547245,10.61098448,0.984257118,0.325115221,0.834137426,-4.59516429
chr22-24554907-24555754,2.185459521,9.795922499,0.889993816,0.373582596,0.834137426,-4.59529265
chr22-31943977-31944966,-1.732022508,9.566170562,-0.927185913,0.353948524,0.834137426,-4.595322385
chr22-43954960-43955915,1.673824306,9.70750338,0.900591721,0.367920298,0.834137426,-4.595394623
chr3-112561567-112562508,2.183753634,9.209277921,0.843964266,0.398796294,0.834137426,-4.595334962
chr3-123584633-123585532,-2.073118611,10.06415842,-0.926391197,0.354361118,0.834137426,-4.595262137
chr3-125915788-125916737,-1.759189054,9.443342963,-0.949407508,0.342534903,0.834137426,-4.595265174
chr3-128617299-128618237,2.33615771,9.584675781,1.02037902,0.307679469,0.834137426,-4.595081558
chr3-183635144-183636012,2.727813988,9.120858801,1.0663202,0.286415258,0.834137426,-4.595015889
chr3-196711951-196712899,2.503275384,9.755754483,0.994067767,0.32031726,0.834137426,-4.595129783
chr3-28241104-28242038,3.068464611,9.072258208,1.187918175,0.235015065,0.834137426,-4.594812765
chr3-47802681-47803649,2.378822412,9.443342963,1.139923728,0.254462671,0.834137426,-4.594778167
chr3-48088555-48089503,-2.522303871,9.524247434,-0.949930207,0.342269297,0.834137426,-4.595189493
chr3-64022977-64023871,1.950168631,9.320515364,0.83940714,0.401347151,0.834137426,-4.595393837
chr3-81760979-81761944,-1.759189054,9.443342963,-0.949407508,0.342534903,0.834137426,-4.595265174
chr4-152535749-152536666,2.599699574,9.550267301,1.095462665,0.273453714,0.834137426,-4.594943356
chr4-177441856-177442791,1.869765733,9.524247434,1.020724553,0.307515731,0.834137426,-4.595059844
chr4-1792783-1793805,1.98841231,9.443342963,0.859324087,0.390270831,0.834137426,-4.595364521
chr4-183098742-183099630,-2.391492814,9.544507764,-1.153620691,0.248801729,0.834137426,-4.594737168
chr4-2241774-2242661,1.981058203,9.209277921,0.929843075,0.35257121,0.834137426,-4.59526987
chr4-3765464-3766550,-2.068566086,9.544507764,-1.013660747,0.310874544,0.834137426,-4.595088339
chr4-37686092-37686987,2.218828061,9.507846817,0.852157358,0.39423484,0.834137426,-4.595322044
chr4-38663430-38664345,-1.675267949,10.40465045,-0.953477274,0.34047036,0.834137426,-4.595269183
chr4-42656742-42657662,2.701445239,9.382914617,1.039101042,0.298890799,0.834137426,-4.595061501
chr4-49120572-49121430,1.069787473,11.06809768,0.836433704,0.403016808,0.834137426,-4.596041675
chr4-76147767-76148742,2.315310634,9.491594066,0.903350092,0.36645536,0.834137426,-4.595260233
chr4-77156414-77157273,-2.126043465,9.665580252,-0.955052915,0.339673203,0.834137426,-4.59520935
chr5-135398782-135399666,-2.502939132,9.320515364,-0.949084029,0.342699343,0.834137426,-4.595191609
chr5-141618646-141619530,-1.78566338,9.649179635,-0.954574936,0.339914898,0.834137426,-4.595248387
chr5-49601289-49602124,-0.986809649,12.23730262,-0.905804692,0.365154817,0.834137426,-4.595887357
chr5-58459881-58460664,2.60114916,9.320515364,1.033698245,0.301409641,0.834137426,-4.595066442
chr5-58582571-58583489,-2.699927934,9.507846817,-1.013727359,0.310842758,0.834137426,-4.595100889
chr5-6712788-6715140,-2.304405051,10.18975531,-0.992285379,0.321185487,0.834137426,-4.59513493
chr5-75336625-75337550,-2.090166571,9.894834833,-1.14665433,0.25166981,0.834137426,-4.594649798
chr6-119349383-119350329,2.067565151,9.584675781,0.908413254,0.363775864,0.834137426,-4.595289158
chr6-13813956-13814787,-2.373337661,9.668949122,-0.963949723,0.33519458,0.834137426,-4.595178831
chr6-166998823-166999730,2.035579759,9.120858801,0.839282906,0.401416828,0.834137426,-4.595371403
chr6-31580578-31581488,-1.648146688,9.558655914,-0.979222278,0.32759562,0.834137426,-4.595195278
chr6-3258526-3259407,2.051252094,9.382914617,0.883968055,0.376826007,0.834137426,-4.595323315
chr6-35920515-35921463,-2.532817952,9.090763427,-0.960396664,0.336978592,0.834137426,-4.595176099
chr6-7910402-7911191,1.611192574,9.584675781,0.870994224,0.383868041,0.834137426,-4.595473634
chr7-103148849-103149778,2.643543938,9.584675781,1.029202182,0.303516508,0.834137426,-4.595075582
chr7-105013505-105014450,2.12876826,9.382914617,0.833088472,0.404900209,0.834137426,-4.595354373
chr7-112939494-112940405,-2.29762549,9.496256662,-0.847653248,0.396738553,0.834137426,-4.595311611
chr7-129224455-129225340,-2.163698289,9.667335363,-1.174059708,0.240519183,0.834137426,-4.594566553
chr7-129611393-129612299,-2.788349734,9.294495497,-1.089607436,0.276025158,0.834137426,-4.594977687
chr7-139340008-139340904,-2.085660895,9.393258111,-0.87018261,0.384311238,0.834137426,-4.595331549
chr7-1503863-1504874,-2.047090023,9.584675781,-1.003802582,0.315602411,0.834137426,-4.595112152
chr7-24979801-24980629,-2.421410234,9.443342963,-0.977998169,0.328200526,0.834137426,-4.595155953
chr7-25124948-25125901,2.10237509,9.566170562,1.024240196,0.30585305,0.834137426,-4.595063161
chr7-25179920-25180833,-2.506909586,9.382914617,-1.084551801,0.278258683,0.834137426,-4.594956091
chr7-26200502-26201288,-2.354021968,9.491594066,-0.88188057,0.377953654,0.834137426,-4.595276108
chr7-26398107-26399166,-1.759189054,9.443342963,-0.949407508,0.342534903,0.834137426,-4.595265174
chr7-2843948-2844858,2.05225141,10.28182285,1.178747987,0.238647073,0.834137426,-4.594482281
chr7-30284138-30285009,1.721005745,9.871067434,0.921100184,0.357115803,0.834137426,-4.595338366
chr7-3300643-3302026,1.921670334,9.491594066,0.832826752,0.405047782,0.834137426,-4.595407937
chr7-44999536-45000478,2.164942938,9.320515364,0.956573144,0.338905217,0.834137426,-4.59520358
chr7-53822993-53824186,2.325502273,9.45142605,0.96486461,0.334736198,0.834137426,-4.595179909
chr7-73578257-73579177,-2.147702389,9.366513999,-1.164045958,0.244552464,0.834137426,-4.594602099
chr7-88219668-88220557,2.037757403,9.507846817,0.841938546,0.399928985,0.834137426,-4.595368654
chr8-11867597-11868536,1.781734071,9.6730949,0.976471107,0.328956155,0.834137426,-4.595191726
chr8-119207998-119208887,2.146903596,9.443342963,0.946387825,0.344071918,0.834137426,-4.595221981
chr8-124372249-124373139,-2.684082471,9.897087301,-1.037762704,0.299513432,0.834137426,-4.595062977
chr8-12753765-12754705,2.793132406,9.320515364,1.070454073,0.284551796,0.834137426,-4.59501342
chr8-143609249-143610133,2.420571561,9.403174947,0.925236956,0.354960908,0.834137426,-4.59522538
chr8-17246453-17247392,-2.425012471,9.45630444,-1.163425494,0.244803925,0.834137426,-4.594715211
chr8-26291063-26291898,1.893299938,9.443342963,0.9149141,0.36035356,0.834137426,-4.595311005
chr8-42152495-42153386,2.199042016,9.647075033,1.153687415,0.248774369,0.834137426,-4.594667475
chr8-74321116-74321986,-1.485839209,9.491594066,-0.825421646,0.409236531,0.834137426,-4.595612444
chr8-95133323-95134196,2.113977381,9.550267301,1.085968298,0.277631652,0.834137426,-4.594885589
chr8-9555489-9556352,2.285305726,9.209277921,0.90795216,0.364019373,0.834137426,-4.595258861
chr9-137070167-137071095,-2.635663601,9.443342963,-0.993488545,0.320599239,0.834137426,-4.595129562
chr9-34458157-34459067,1.808439738,10.01240025,0.842412307,0.399663906,0.834137426,-4.595435349
chr9-34646276-34647188,2.059535434,9.484079418,0.903770748,0.366232274,0.834137426,-4.595296824
chr9-40991728-40992656,-1.833296834,9.421680165,-0.859341239,0.390261373,0.834137426,-4.595407741
chr9-75027936-75028773,-2.42411724,9.443342963,-0.914283959,0.360684403,0.834137426,-4.595236895
chrX-78103618-78104546,-1.891754691,9.755754483,-1.07249836,0.283633316,0.834137426,-4.594881729
chrY-11322292-11323752,1.207797021,10.83813446,0.863877729,0.387764796,0.834137426,-4.595772028
KI270728.1-232282-233180,2.545866677,9.336418625,1.059018002,0.289727048,0.834137426,-4.595015643
chr14-77320681-77321500,-1.879177055,9.647075033,-0.818431474,0.41321414,0.83515214,-4.595433293
chr16-34580945-34581901,0.979307893,11.47847436,0.81676365,0.414166554,0.83515214,-4.596281639
chr19-49641633-49642514,-1.938042154,9.723406641,-0.815442389,0.414921985,0.83515214,-4.59541669
chr6-15248206-15249089,-1.508021433,9.70750338,-0.815677471,0.414787517,0.83515214,-4.595610117
chr9-104093657-104094662,1.52160039,9.619084261,0.820862244,0.41182837,0.83515214,-4.595595232
chr1-67684748-67685655,1.246441161,10.03616765,0.805785351,0.4204681,0.835385132,-4.595853989
chr10-11611162-11612055,2.046173427,9.70750338,0.801490175,0.422948788,0.835385132,-4.595394361
chr16-18926036-18926919,1.847044684,9.531762083,0.80262369,0.422293292,0.835385132,-4.595456029
chr16-34572576-34573390,1.152214168,11.04376185,0.810426505,0.417797228,0.835385132,-4.595970714
chr19-7943362-7944283,2.103690672,9.403174947,0.810455472,0.41778059,0.835385132,-4.595374684
chr20-48827683-48828630,-1.924646377,9.484079418,-0.80819474,0.419080304,0.835385132,-4.595425865
chr3-184335596-184336494,1.343335078,9.612666554,0.801695607,0.422829945,0.835385132,-4.595757008
chr5-141877968-141879644,1.953983802,9.336418625,0.802104763,0.422593306,0.835385132,-4.595420526
chr5-159772893-159773895,-1.994670666,9.443342963,-0.801397827,0.423002217,0.835385132,-4.595408782
chr12-27013925-27014817,2.105263527,9.354923844,0.795542295,0.426398123,0.84033367,-4.595382095
chr1-203272979-203273842,1.556339179,9.10460605,0.671175249,0.502190998,0.841498696,-4.595630763
chr1-236794884-236795728,-1.7192019,9.484079418,-0.728603989,0.4663343,0.841498696,-4.595541206
chr10-119725525-119726423,-1.453876468,9.894834833,-0.672312868,0.501466806,0.841498696,-4.595705655
chr10-17201024-17201955,-1.610659362,9.403174947,-0.696677471,0.486090424,0.841498696,-4.595601251
chr11-47269422-47270330,1.196873108,9.491594066,0.678451089,0.497568872,0.841498696,-4.595986738
chr11-68750687-68752000,-1.62000815,9.584675781,-0.762501188,0.445856184,0.841498696,-4.595583717
chr11-69636262-69637163,1.549992594,9.649179635,0.786754916,0.431524092,0.841498696,-4.595611076
chr12-111766490-111767371,1.221988556,9.382914617,0.694054288,0.487733551,0.841498696,-4.595955729
chr12-121466981-121467900,-1.682556182,9.443342963,-0.717902109,0.472906467,0.841498696,-4.595560998
chr12-12266674-12267575,2.072840025,9.366513999,0.791116517,0.42897537,0.841498696,-4.595392471
chr13-106535263-106536154,1.14926923,9.70750338,0.680489559,0.496277969,0.841498696,-4.596060838
chr13-18211648-18212557,0.945148375,11.14681996,0.735041153,0.462405721,0.841498696,-4.596510778
chr13-95552275-95553274,-1.53794602,9.443342963,-0.728794338,0.466217865,0.841498696,-4.595646357
chr14-103057133-103058066,1.560310625,9.544507764,0.780245267,0.435344328,0.841498696,-4.595609323
chr14-21455778-21456706,-1.947601052,9.120858801,-0.719784247,0.471746936,0.841498696,-4.595448977
chr14-90382887-90383779,1.415203716,9.463819088,0.77173118,0.440370239,0.841498696,-4.595721593
chr15-28095842-28096689,-1.295072903,9.894834833,-0.751935213,0.452183747,0.841498696,-4.595852748
chr15-44711081-44711953,-1.547407871,9.632926884,-0.688925592,0.490954743,0.841498696,-4.59564049
chr16-34585451-34586113,1.252471811,10.3409148,0.703733359,0.48168562,0.841498696,-4.595916597
chr16-34592583-34593536,-0.839110646,11.7992574,-0.703696994,0.481708266,0.841498696,-4.596894838
chr16-46390108-46390985,0.732441349,12.75124709,0.754731822,0.450504039,0.841498696,-4.597408506
chr16-69385445-69386354,-2.112090276,9.006270096,-0.790897135,0.429103358,0.841498696,-4.595382525
chr16-88811641-88812466,-1.897193405,9.320515364,-0.759429719,0.447690348,0.841498696,-4.595459054
chr17-17496185-17497185,1.149117663,9.584675781,0.678307924,0.497659601,0.841498696,-4.596060209
chr17-19377815-19378671,1.233729056,9.897087301,0.775483087,0.438151376,0.841498696,-4.595908115
chr17-39980186-39981121,1.089537951,10.14850204,0.72628945,0.467751374,0.841498696,-4.596169921
chr17-60391816-60392734,1.134602187,9.403174947,0.670282315,0.502759814,0.841498696,-4.596080554
chr17-82098101-82098924,1.568629141,9.524247434,0.702348337,0.482548535,0.841498696,-4.595627751
chr18-11908164-11908997,1.529716108,10.06008292,0.710533562,0.477461084,0.841498696,-4.595653991
chr18-9614245-9615140,1.655629588,9.918750099,0.723033816,0.469748668,0.841498696,-4.595574964
chr19-12064357-12065224,1.422604448,9.477751443,0.680265044,0.49642006,0.841498696,-4.595733975
chr19-12551013-12551925,-1.946137786,9.03033508,-0.718263789,0.472683524,0.841498696,-4.595449568
chr19-23273675-23274565,-1.934357159,9.477751443,-0.777121455,0.437184473,0.841498696,-4.595439624
chr19-3093723-3094685,1.566963762,9.484079418,0.726211025,0.467799431,0.841498696,-4.595627473
chr19-34172010-34172957,1.484640266,9.526352036,0.694397233,0.487518564,0.841498696,-4.595686197
chr19-36687056-36687982,1.556339179,9.10460605,0.671175249,0.502190998,0.841498696,-4.595630763
chr19-38899320-38900247,1.625485987,9.443342963,0.733732982,0.463202594,0.841498696,-4.595590233
chr19-49639928-49640878,-1.560978468,10.17750047,-0.720651847,0.471212961,0.841498696,-4.595632124
chr19-55599921-55600647,1.523784647,9.496256662,0.713029067,0.475915888,0.841498696,-4.595658065
chr19-56314452-56315324,1.794069815,9.403174947,0.774121481,0.438955879,0.841498696,-4.595493072
chr2-101001737-101002696,1.966946481,9.03033508,0.738887961,0.460066878,0.841498696,-4.595440257
chr2-112480708-112481500,1.680866126,9.45142605,0.744095868,0.456911075,0.841498696,-4.595557282
chr2-11746215-11747126,2.032619995,9.443342963,0.783243766,0.433582216,0.841498696,-4.595406943
chr2-119759388-119760251,-1.442341279,9.584675781,-0.719182859,0.472117263,0.841498696,-4.59572005
chr2-127387639-127388408,-1.483796525,9.060430455,-0.702943506,0.482177622,0.841498696,-4.595687512
chr2-156342200-156342982,1.794069815,9.403174947,0.774121481,0.438955879,0.841498696,-4.595493072
chr2-169479140-169480085,-1.61721487,9.443342963,-0.680861948,0.49604234,0.841498696,-4.595595197
chr2-3574740-3575737,-1.444154077,9.245938868,-0.692622501,0.488631667,0.841498696,-4.595718164
chr20-34302720-34303667,-1.721457334,9.584675781,-0.73177618,0.464396009,0.841498696,-4.595539592
chr22-23144924-23145819,1.877502603,9.531762083,0.727369245,0.467089974,0.841498696,-4.595473293
chr22-24155526-24156433,-1.562114177,9.10460605,-0.737634058,0.460828518,0.841498696,-4.595628226
chr3-107431115-107432070,-1.758059723,9.403174947,-0.771215604,0.440675652,0.841498696,-4.595509924
chr3-14124436-14125352,-1.537142976,9.795922499,-0.729635498,0.465703528,0.841498696,-4.595646746
chr3-14947003-14947798,1.535801555,9.368766467,0.686706762,0.492351866,0.841498696,-4.595648035
chr3-192917592-192918508,1.605362849,9.403174947,0.747570636,0.454812279,0.841498696,-4.59559829
chr3-41961771-41962680,1.453903489,9.778335209,0.714859178,0.474784445,0.841498696,-4.595710936
chr3-50154597-50155546,-1.348693001,9.403174947,-0.697743066,0.485423807,0.841498696,-4.595806527
chr3-51941656-51942586,-1.53794602,9.443342963,-0.728794338,0.466217865,0.841498696,-4.595646357
chr3-71064637-71065596,1.922720354,9.373429063,0.788273554,0.430635673,0.841498696,-4.595438221
chr4-151099134-151100011,-1.153381051,10.06008292,-0.715406851,0.47444614,0.841498696,-4.596059055
chr4-172377283-172378239,1.409230586,9.443342963,0.674434108,0.500117935,0.841498696,-4.595744029
chr4-25233756-25234578,-1.884911578,9.120858801,-0.761218953,0.446621365,0.841498696,-4.595462897
chr5-137754103-137755024,-1.850934439,9.524247434,-0.76415014,0.444873263,0.841498696,-4.595474553
chr5-138542855-138543794,1.315682605,9.755754483,0.703229022,0.481999741,0.841498696,-4.595841857
chr5-36151534-36152434,1.461566543,9.403174947,0.681538124,0.495614641,0.841498696,-4.595701972
chr5-83076971-83077896,2.070008536,9.2436864,0.784385716,0.432912219,0.841498696,-4.595396186
chr6-29627458-29629327,1.580327409,9.403174947,0.683953333,0.49408857,0.841498696,-4.59561823
chr6-32838177-32839131,-1.934920087,9.120858801,-0.698359627,0.485038324,0.841498696,-4.595453513
chr6-37169531-37170452,1.968051538,9.491594066,0.750418683,0.45309609,0.841498696,-4.5954375
chr6-82247305-82248265,1.580327409,9.403174947,0.683953333,0.49408857,0.841498696,-4.59561823
chr7-1065582-1066391,1.882690701,9.090763427,0.720702698,0.471181675,0.841498696,-4.595471996
chr7-17899926-17901829,1.536742421,9.366513999,0.715355899,0.474477608,0.841498696,-4.595648893
chr7-35800658-35801534,-1.716941113,9.491594066,-0.702276148,0.482593534,0.841498696,-4.595543794
chr7-50782233-50783130,1.485958678,9.2436864,0.686417851,0.49253394,0.841498696,-4.595684006
chr7-93231791-93232732,-1.846363914,9.795922499,-0.782092298,0.434258404,0.841498696,-4.59546841
chr8-143430475-143431359,2.078897335,9.443342963,0.771074844,0.440759056,0.841498696,-4.595398826
chr8-22599109-22600212,-1.631073555,9.76151402,-0.762800191,0.44567786,0.841498696,-4.595577303
chr8-81111514-81112408,1.617378687,9.336418625,0.743663763,0.457172451,0.841498696,-4.595592436
chr9-124940659-124941582,-1.664510164,9.531762083,-0.677117334,0.498414467,0.841498696,-4.59556785
chr9-132240642-132241679,-1.75269154,9.382914617,-0.744519168,0.456655106,0.841498696,-4.595522048
chr9-137422807-137423725,1.416877761,10.08266364,0.69019879,0.490154017,0.841498696,-4.595741044
chr9-27573126-27574086,1.656116236,9.324590872,0.717146481,0.473372428,0.841498696,-4.595575254
chr9-35657704-35658573,-1.549418438,9.524247434,-0.687559074,0.491814941,0.841498696,-4.595638931
chrY-11304887-11305631,1.343861607,9.090763427,0.693716089,0.487945612,0.841498696,-4.595810959
chrY-56836470-56837362,-1.126056693,10.11707212,-0.738226014,0.460468867,0.841498696,-4.596098082
chr14-57268280-57269242,-1.808503744,9.477751443,-0.6675887,0.504477763,0.842879661,-4.595497471
chr6-37818981-37819898,-1.502411274,9.443342963,-0.663456342,0.507119331,0.844304495,-4.595665582
chr7-6348478-6349367,1.570878551,9.120858801,0.664190286,0.506649634,0.844304495,-4.595619291
chr11-44564960-44565859,-1.347141871,9.6730949,-0.654846391,0.512646428,0.845125059,-4.595794478
chr12-121626119-121626981,1.312740008,9.584675781,0.655893593,0.51197251,0.845125059,-4.595830853
chr15-63504089-63504917,-1.426981489,9.443342963,-0.650612652,0.515375727,0.845125059,-4.595719103
chr19-6737201-6738152,1.63955382,9.320515364,0.659750843,0.509494203,0.845125059,-4.595576978
chr20-17681980-17682919,1.38299662,9.969830048,0.652218044,0.514339916,0.845125059,-4.595758646
chr20-29326233-29327143,0.901626604,10.7037167,0.651801424,0.514608618,0.845125059,-4.596621724
chr3-128725775-128726627,1.769090137,9.320515364,0.648954563,0.516446675,0.845125059,-4.595509246
chr3-197959797-197960693,-1.644181083,9.03033508,-0.648771806,0.516564787,0.845125059,-4.595570576
chr6-13711479-13712398,1.42265094,9.320515364,0.656920613,0.511312029,0.845125059,-4.595725726
chr8-86342182-86343032,1.180274381,9.74191186,0.658215024,0.510480222,0.845125059,-4.596000845
chr1-228406501-228407396,1.632944905,9.2436864,0.645553587,0.518646949,0.846761366,-4.595575527
chr10-38578585-38579477,-1.083618125,9.894834833,-0.644454671,0.519358931,0.846761366,-4.596153315
chr1-36385562-36386444,-1.504727601,9.99965457,-0.633767698,0.526309207,0.854020751,-4.59565041
chr11-65918789-65919718,-1.198069738,10.00175917,-0.633436276,0.526525505,0.854020751,-4.595956344
chr3-138348037-138348986,-1.704032597,9.649179635,-0.633954697,0.526187185,0.854020751,-4.595533666
chr4-84341970-84343116,-1.375389541,9.544507764,-0.631372039,0.527873724,0.854738929,-4.595753247
chr11-64878233-64879155,-1.488336554,9.864739459,-0.627034972,0.530712127,0.856524323,-4.59565822
chr20-23361569-23362506,-0.985787817,10.73170747,-0.626914583,0.530791026,0.856524323,-4.596346392
chr1-42846107-42847030,-1.510762099,9.70750338,-0.618984386,0.536001322,0.857894871,-4.595637438
chr15-31215287-31216208,-1.394500169,9.477751443,-0.618706607,0.536184294,0.857894871,-4.5957271
chr3-49786096-49787022,-1.152967142,9.524247434,-0.622631526,0.533601881,0.857894871,-4.596012233
chr5-140638971-140639886,-1.339524242,9.507846817,-0.6194593,0.53568857,0.857894871,-4.595778554
chr8-17155889-17156723,-1.272123392,9.03033508,-0.620443836,0.535040503,0.857894871,-4.595851045
chr10-102151786-102152736,-1.385999167,9.798751346,-0.617204498,0.537174275,0.858024561,-4.595733426
chr14-20342888-20343816,-1.06720379,9.403174947,-0.613578225,0.53956799,0.858735563,-4.596149719
chr22-20858399-20859286,-1.06720379,9.403174947,-0.613578225,0.53956799,0.858735563,-4.596149719
chr3-183636215-183637090,1.224655655,9.382914617,0.612397661,0.540348437,0.858735563,-4.595900849
chr7-102748396-102749376,1.510545196,9.443342963,0.610697849,0.541473138,0.85907671,-4.595632136
chr16-15642669-15643629,1.262022551,9.463819088,0.605904748,0.544650839,0.860522323,-4.595848896
chr7-65750516-65751449,1.398076913,9.723406641,0.605865045,0.5446772,0.860522323,-4.595713926
chrX-386773-387587,-1.297821221,9.443342963,-0.605199753,0.545119014,0.860522323,-4.595808573
chr1-10694376-10695359,1.389233796,9.169109904,0.598408881,0.549638922,0.861823926,-4.595715113
chr11-95066917-95067878,-1.377394883,9.10460605,-0.595738649,0.551421241,0.861823926,-4.595722973
chr16-46400507-46401224,0.69356482,11.57788405,0.59850857,0.549572437,0.861823926,-4.597505529
chr18-51197426-51198498,-1.285716468,10.03616765,-0.596279672,0.551059891,0.861823926,-4.595812573
chr19-8513548-8514460,-1.165919666,9.897087301,-0.602004389,0.547243501,0.861823926,-4.595969273
chr21-36319807-36320643,1.606111117,9.584675781,0.595934466,0.551290441,0.861823926,-4.59556361
chr6-85643099-85643964,1.540538388,9.423651071,0.592741793,0.553424954,0.863525879,-4.595599831
chr10-28676957-28677877,-1.101189001,10.03616765,-0.590940768,0.554630844,0.8639794,-4.5960563
chr16-50245606-50246642,1.248551704,9.052209169,0.584265157,0.559111733,0.864872041,-4.595840612
chr17-16568688-16569567,-1.281627511,9.524247434,-0.588491645,0.556272733,0.864872041,-4.595808622
chr17-44110798-44111734,1.600028589,9.286106885,0.581903818,0.560700942,0.864872041,-4.595557103
chr18-23502966-23503883,1.082336324,9.70750338,0.587107993,0.557201379,0.864872041,-4.596083283
chr2-90390231-90391160,1.125028099,9.544507764,0.582322958,0.560418696,0.864872041,-4.596004606
chr5-168579147-168580061,1.345205508,9.753502015,0.583324269,0.559744699,0.864872041,-4.595739838
chr20-44210409-44211313,1.349081771,9.336418625,0.579114626,0.562580916,0.866356256,-4.595731921
chr4-154743610-154744498,1.136486886,9.443342963,0.574354472,0.565796377,0.86847444,-4.595975055
chr7-140176707-140177633,1.545156315,9.619084261,0.574835242,0.56547122,0.86847444,-4.595583033
chr10-132452821-132453755,-1.230371832,9.351334984,-0.567364301,0.570534152,0.873174337,-4.595840412
chr11-76444414-76445280,1.473258085,9.375399968,0.567107998,0.570708227,0.873174337,-4.595622254
chr16-53130231-53131144,1.167201586,10.14309199,0.562966484,0.573524551,0.876063392,-4.59591388
chr11-73760762-73761649,-1.215240023,9.090763427,-0.555887832,0.578353404,0.878192356,-4.595842354
chr2-109613661-109614585,-1.183210251,9.403174947,-0.555723394,0.578465806,0.878192356,-4.595881726
chr2-231680696-231681636,1.080634378,9.286106885,0.558582122,0.576513183,0.878192356,-4.596038286
chr2-96265660-96266533,1.18955445,9.320515364,0.555469385,0.578639455,0.878192356,-4.595873245
chr17-31487525-31488408,1.484164899,9.443342963,0.551562237,0.581313587,0.879873865,-4.595600133
chr6-73653583-73654451,-1.536661321,9.373429063,-0.551127426,0.581611538,0.879873865,-4.595567492
chr2-64653470-64654429,1.09096563,9.320515364,0.548540555,0.583385647,0.881145681,-4.596002918
chr8-103539536-103540494,-1.156881259,9.484079418,-0.545630969,0.585384089,0.882751725,-4.595900447
chr12-95217146-95218046,-1.170815375,9.03033508,-0.540126851,0.589173257,0.883449637,-4.595873045
chr19-2059246-2060221,1.45321521,9.320515364,0.540814929,0.588698949,0.883449637,-4.595609594
chr4-139175961-139176846,1.059629674,9.600579042,0.539522017,0.58959033,0.883449637,-4.596038063
chr4-49657156-49658118,0.707100497,11.13720071,0.541494157,0.588230914,0.883449637,-4.597188739
chr11-119168465-119169335,-1.108863718,9.507846817,-0.534802668,0.592849294,0.885755965,-4.595949678
chr16-29973274-29974194,1.074382036,9.197687765,0.533219488,0.593944413,0.885755965,-4.596000614
chr20-58388786-58389634,1.131183275,9.584675781,0.534253902,0.593228782,0.885755965,-4.595916294
chr1-2586191-2587079,-0.881798321,10.90364412,-0.51784923,0.604624139,0.892385118,-4.596380445
chr1-3530914-3531849,1.279777752,9.70750338,0.514285753,0.607112411,0.892385118,-4.595713423
chr10-132537105-132538142,0.739171636,11.17763958,0.521330357,0.602197801,0.892385118,-4.596928224
chr10-97640253-97641136,1.217629791,9.507846817,0.509231797,0.610649267,0.892385118,-4.595767225
chr11-95089394-95090260,-1.545726613,9.021946468,-0.509189652,0.610678799,0.892385118,-4.595521611
chr12-54358839-54359853,1.036339146,9.443342963,0.518545167,0.604138721,0.892385118,-4.59603434
chr14-75293787-75294699,-1.401147885,9.6730949,-0.523494083,0.600691905,0.892385118,-4.595626311
chr15-59688907-59689825,0.970280019,9.443342963,0.515488836,0.606271822,0.892385118,-4.596155183
chr17-17041902-17042925,-1.091781475,9.491594066,-0.521798084,0.601872131,0.892385118,-4.595950392
chr19-4007133-4008046,-1.402108244,9.496256662,-0.509430898,0.610509759,0.892385118,-4.595608395
chr22-17171159-17172143,-1.036913631,9.713831355,-0.510998915,0.609411564,0.892385118,-4.596016366
chr7-100585900-100586848,-0.970446026,10.03185455,-0.510595508,0.609694015,0.892385118,-4.596142221
chrX-48918605-48919552,1.160163995,9.382914617,0.524244291,0.600170178,0.892385118,-4.595859731
chr19-49877297-49878243,-1.242373998,9.753502015,-0.504155427,0.614210986,0.896159461,-4.595733608
chr1-3900238-3900946,-1.326627673,9.544507764,-0.494690185,0.620876389,0.896188549,-4.59564471
chr12-49264576-49265482,0.880730473,9.443342963,0.495571863,0.620254185,0.896188549,-4.59631285
chr12-8949425-8950310,-1.21092603,9.403174947,-0.500337,0.61689612,0.896188549,-4.595759407
chr16-67183450-67184360,1.005030752,9.382914617,0.502652792,0.61526703,0.896188549,-4.596053763
chr5-81750876-81751726,0.880730473,9.443342963,0.495571863,0.620254185,0.896188549,-4.59631285
chr6-391331-392327,-1.082249946,9.354923844,-0.498642168,0.61808958,0.896188549,-4.595916799
chrX-49043126-49044077,0.880730473,9.443342963,0.495571863,0.620254185,0.896188549,-4.59631285
chr1-44673923-44674880,-1.06765015,9.443342963,-0.491931659,0.622824846,0.896260145,-4.595923893
chr13-23375101-23376003,-1.06765015,9.443342963,-0.491931659,0.622824846,0.896260145,-4.595923893
chr18-41818430-41819373,-1.224342124,9.197687765,-0.489154943,0.624788826,0.897717887,-4.595726655
chr2-216081343-216082372,-1.026568518,9.072258208,-0.487296185,0.626105023,0.898241857,-4.595978285
chr4-48340935-48341807,-1.075950897,9.382914617,-0.48385906,0.628542012,0.899005545,-4.59589374
chr8-143266945-143267852,-1.180875652,9.382914617,-0.484958263,0.627762213,0.899005545,-4.595764425
chr10-104353210-104354150,-1.059741916,9.260087018,-0.48047036,0.630948639,0.899851987,-4.595909802
chr11-17734446-17735684,0.969505605,9.403174947,0.474695829,0.635058693,0.899851987,-4.596047629
chr12-25250658-25251526,1.097043845,9.382914617,0.472696683,0.636484231,0.899851987,-4.59584025
chr22-23069836-23070691,1.093160903,9.70750338,0.472728416,0.636461592,0.899851987,-4.595845443
chr4-101347300-101348158,0.879834991,9.933816176,0.470784003,0.637849374,0.899851987,-4.596232987
chr4-7067759-7068630,-1.175587127,9.336418625,-0.479851879,0.631388304,0.899851987,-4.595760715
chr4-86934543-86935437,-1.155867037,10.06008292,-0.478534152,0.632325482,0.899851987,-4.595780203
chr5-49665794-49666648,-0.533863351,11.9564373,-0.4657338,0.641459776,0.899851987,-4.598091553
chr6-134174621-134175457,0.937835172,9.086450322,0.46997202,0.638429286,0.899851987,-4.596097264
chr6-18154848-18155768,0.91846038,9.774259702,0.466951398,0.640588531,0.899851987,-4.596129499
chr7-4883289-4884180,-1.135656564,9.45142605,-0.468766828,0.639290433,0.899851987,-4.595784147
chr8-124474369-124475313,-1.217467133,9.484079418,-0.465641509,0.641525834,0.899851987,-4.595692369
chr8-140464258-140465154,1.259301734,9.147602913,0.473600832,0.635839339,0.899851987,-4.595668142
chr11-3854935-3855808,-0.950386959,9.697430738,-0.462106606,0.644058117,0.902063594,-4.59604872
chr1-167220200-167221060,0.766058283,9.70750338,0.451177586,0.651913378,0.903680219,-4.596499388
chr12-26937826-26938768,-0.965140649,10.12458677,-0.455543052,0.648770987,0.903680219,-4.596001872
chr17-14308978-14309900,-0.991236054,9.443342963,-0.452214961,0.651166082,0.903680219,-4.595947051
chr17-18038908-18039803,1.061181975,9.443342963,0.458588881,0.646582206,0.903680219,-4.595856736
chr4-122922353-122923238,-1.006918402,9.544507764,-0.455057919,0.649119893,0.903680219,-4.595928979
chr5-181191418-181192352,-0.970204233,9.584675781,-0.451434851,0.651728019,0.903680219,-4.595981062
chr9-121201525-121202319,1.035160273,9.403174947,0.454983981,0.649173075,0.903680219,-4.595885279
chr19-45584216-45585141,1.129190017,9.544507764,0.446544548,0.655255153,0.90698074,-4.595745491
chr1-2227384-2228849,0.706287708,10.00607228,0.442887921,0.657897542,0.907074945,-4.596697915
chr14-67619375-67620249,1.017299777,9.491594066,0.440717191,0.659468206,0.907074945,-4.595875452
chr3-50235592-50236528,-0.702249929,10.06008292,-0.439806449,0.660127635,0.907074945,-4.596699298
chr5-49659550-49660395,-0.51305151,11.78856043,-0.440358485,0.659727898,0.907074945,-4.598080785
chr8-142669490-142670401,1.031498577,9.443342963,0.441390627,0.65898077,0.907074945,-4.595856511
chr12-109713330-109714193,0.866573642,9.70750338,0.43784288,0.661550269,0.907708509,-4.596150574
chr10-95183266-95184201,0.820260799,9.120858801,0.433746804,0.66452187,0.910462476,-4.5962537
chr1-186375023-186375977,-0.829934099,10.12531102,-0.403317868,0.686760068,0.912367112,-4.596107638
chr1-192808433-192809358,0.916666165,9.66076979,0.402278861,0.687524348,0.912367112,-4.595926338
chr1-248862903-248863857,1.060604717,9.197687765,0.412605163,0.679942765,0.912367112,-4.595747362
chr1-36223892-36224782,0.655412806,9.443342963,0.397504006,0.691040768,0.912367112,-4.596666109
chr1-46197991-46198929,0.655412806,9.443342963,0.397504006,0.691040768,0.912367112,-4.596666109
chr1-93681369-93682144,0.851441837,9.491594066,0.430410017,0.666946536,0.912367112,-4.596159816
chr10-12129060-12130031,0.831882991,9.403174947,0.413119993,0.679565615,0.912367112,-4.596141498
chr10-75401622-75402537,0.734302475,9.465923689,0.418677713,0.675499308,0.912367112,-4.596458679
chr12-53379563-53380842,0.583433919,10.90744877,0.405834618,0.684910109,0.912367112,-4.597136749
chr13-114281256-114282191,0.858304592,9.605151906,0.416906698,0.67679405,0.912367112,-4.596093583
chr14-93115067-93116048,1.243561056,9.090763427,0.423113632,0.672260546,0.912367112,-4.595594839
chr15-92808850-92809765,0.826191357,9.531762083,0.417679213,0.676229167,0.912367112,-4.596173745
chr16-34586458-34587457,-0.490629053,11.86212275,-0.406248212,0.684606274,0.912367112,-4.597974292
chr16-46394276-46395204,0.409933408,12.88508019,0.426290188,0.669945003,0.912367112,-4.599525734
chr19-55117264-55118134,0.818270544,9.864739459,0.422711359,0.672554005,0.912367112,-4.596214615
chr2-178072384-178073305,-1.147596959,9.2436864,-0.411230538,0.680950171,0.912367112,-4.595653042
chr2-191020067-191020916,0.655412806,9.443342963,0.397504006,0.691040768,0.912367112,-4.596666109
chr3-182793153-182794011,-0.857696861,9.443342963,-0.399984551,0.689213144,0.912367112,-4.596032475
chr3-28348579-28349421,-0.848296156,9.614771155,-0.403598984,0.686553338,0.912367112,-4.596066438
chr3-66038617-66039482,-0.924934888,9.484079418,-0.424212538,0.671459148,0.912367112,-4.595981628
chr4-54064229-54065065,-0.81492364,9.443342963,-0.420554538,0.674128259,0.912367112,-4.596214808
chr7-106284734-106285589,0.843542955,9.544507764,0.412640908,0.679916577,0.912367112,-4.596111647
chr7-156892834-156893698,-0.795410658,10.06008292,-0.407965718,0.683345102,0.912367112,-4.596215109
chr7-94657776-94658686,0.651369893,9.584675781,0.413945047,0.678961371,0.912367112,-4.596790464
chr9-36487342-36488185,0.835651091,9.572498537,0.403176108,0.686864326,0.912367112,-4.59609363
chrY-11311869-11313041,0.904102957,9.788407851,0.422165677,0.67295216,0.912367112,-4.596014974
chr1-1115838-1116744,-0.878542185,9.544507764,-0.39488643,0.692971311,0.91318338,-4.595971787
chr15-34101475-34102366,-0.821351977,9.382914617,-0.394043081,0.693593733,0.91318338,-4.596091051
chr3-15332127-15332969,-0.84951812,9.566170562,-0.388667879,0.697565671,0.917133696,-4.596007587
chr1-153958179-153959028,-0.744624173,9.484079418,-0.381884694,0.702589871,0.917424469,-4.596241942
chr10-80078455-80079400,-0.633522555,9.524247434,-0.378080962,0.705412954,0.917424469,-4.596643834
chr11-65354225-65355161,-1.06471983,9.046282305,-0.376877686,0.706306858,0.917424469,-4.595657057
chr14-44961653-44962542,-0.954650249,9.566170562,-0.376310729,0.706728186,0.917424469,-4.595786316
chr14-92106051-92106952,-0.75803412,9.197687765,-0.374446584,0.708114142,0.917424469,-4.596167754
chr16-2537440-2538379,-0.656616943,9.403174947,-0.381373472,0.702969056,0.917424469,-4.596559243
chr16-46387400-46388198,-0.538402595,11.44827402,-0.380829026,0.703372965,0.917424469,-4.5972542
chr19-39833373-39834242,0.764303032,9.443342963,0.378749178,0.704916716,0.917424469,-4.596170483
chr19-42283591-42284833,-0.627945453,9.584675781,-0.384705289,0.700499105,0.917424469,-4.596716282
chr19-50510751-50511914,0.796799065,9.524247434,0.371544297,0.71027386,0.917424469,-4.596056079
chr22-45009513-45010482,0.704086533,9.461848182,0.373945193,0.708487081,0.917424469,-4.596331573
chr8-94822867-94823796,-0.78946229,10.30032807,-0.384607503,0.700571551,0.917424469,-4.596130024
chr9-35161578-35162473,0.819886323,9.477751443,0.371346876,0.710420855,0.917424469,-4.59600335
chr21-10431632-10432629,-0.573837052,10.20549124,-0.36987149,0.711519729,0.917588284,-4.596909819
chr4-122732152-122733037,0.575350437,10.06008292,0.367140892,0.713555072,0.918957692,-4.596878363
chr1-156123444-156124350,0.921224725,9.403174947,0.364066849,0.715848858,0.919112902,-4.595796807
chr1-1890743-1891690,-0.729790664,9.443342963,-0.360459616,0.718543773,0.919112902,-4.596180055
chr15-81323839-81324760,-0.729790664,9.443342963,-0.360459616,0.718543773,0.919112902,-4.596180055
chr21-8234046-8234950,0.588851903,10.35433871,0.363634156,0.71617193,0.919112902,-4.596771777
chrX-16870045-16870903,-0.729790664,9.443342963,-0.360459616,0.718543773,0.919112902,-4.596180055
chr12-63843533-63844394,0.762705343,9.382914617,0.35607401,0.721824923,0.919133203,-4.596070569
chr22-36028548-36029373,0.761504607,9.524247434,0.35393391,0.723427934,0.919133203,-4.596063785
chr3-111071195-111072088,0.761504607,9.524247434,0.35393391,0.723427934,0.919133203,-4.596063785
chr3-150762871-150763780,-1.017886884,9.382914617,-0.356386732,0.721590785,0.919133203,-4.595654655
chr3-75435009-75435917,0.795750251,9.209277921,0.358594212,0.71993877,0.919133203,-4.596003886
chr1-220747971-220748870,-0.783040729,9.403174947,-0.346694627,0.728859383,0.921075311,-4.595981466
chr1-6784669-6785603,0.680225091,9.619084261,0.347111602,0.728546164,0.921075311,-4.596263671
chr11-46346755-46347860,0.724471728,9.443342963,0.348039706,0.727849164,0.921075311,-4.596133007
chr9-129036052-129037000,0.724471728,9.443342963,0.348039706,0.727849164,0.921075311,-4.596133007
chr20-57709461-57710574,-0.683883191,9.558655914,-0.340672659,0.733387927,0.924323368,-4.596215412
chr4-3955251-3956210,-0.759920149,9.403174947,-0.341712495,0.732605297,0.924323368,-4.596012025
chr14-41252521-41254430,0.734117627,9.699988732,0.336757399,0.736337217,0.926803111,-4.596051816
chr18-9474905-9475843,0.696281255,9.403174947,0.330952429,0.740717144,0.929836415,-4.596124747
chrY-10999475-11000373,-0.746765233,9.443342963,-0.33203696,0.739898207,0.929836415,-4.595998605
chr5-179907461-179908332,-0.513620717,9.897087301,-0.328952535,0.742228049,0.930495722,-4.596945564
chr11-61580877-61581778,0.486814604,10.06008292,0.325906345,0.744531333,0.930505103,-4.597118816
chr2-68642841-68644016,-0.612311843,9.461848182,-0.325886773,0.744546138,0.930505103,-4.596384167
chr6-125790302-125791239,0.675405332,9.584675781,0.325032289,0.745192646,0.930505103,-4.596154421
chr9-15422352-15423243,0.665858948,9.403174947,0.32157776,0.747808191,0.93253756,-4.596164384
chr21-36069591-36070460,0.571508158,9.368766467,0.319138532,0.74965677,0.933609487,-4.596518256
chr1-191595020-191597013,0.611347949,9.2436864,0.313660239,0.753813752,0.936316029,-4.596305143
chr1-207321064-207322038,0.58756442,9.507846817,0.314084892,0.753491264,0.936316029,-4.59640601
chr19-1248155-1249049,0.591956566,9.945338404,0.312329822,0.754824368,0.936339295,-4.59637444
chr12-45990253-45991097,-0.601924781,9.393258111,-0.308419672,0.75779704,0.93788209,-4.596306301
chr13-30617231-30618115,-0.677900755,9.584675781,-0.30750456,0.758493268,0.93788209,-4.596050532
chr19-38402707-38403576,-0.645833246,9.584675781,-0.305792184,0.759796592,0.93788209,-4.596134951
chr5-96807230-96807982,0.582314486,9.726008599,0.305469645,0.76004216,0.93788209,-4.596365837
chr19-45443104-45444870,0.779168461,9.588751288,0.303463768,0.761569891,0.93854044,-4.595807976
chr1-113929228-113930123,0.787894869,9.382914617,0.280089771,0.779439316,0.93970717,-4.595701814
chr1-181104933-181105840,-0.770092852,9.70750338,-0.28747229,0.773782265,0.93970717,-4.595758614
chr1-58546275-58547109,-0.606406707,9.507846817,-0.28018332,0.779367558,0.93970717,-4.596102496
chr10-133308586-133309498,0.787894869,9.382914617,0.280089771,0.779439316,0.93970717,-4.595701814
chr11-10807530-10808237,0.579346204,9.408934484,0.297343549,0.766236948,0.93970717,-4.596319053
chr15-82540069-82541003,-0.635342601,9.894834833,-0.287413966,0.77382691,0.93970717,-4.596057674
chr16-27203340-27204302,-0.565246311,9.498227567,-0.290476118,0.771483921,0.93970717,-4.59632742
chr3-160755036-160755969,-0.63660412,9.6730949,-0.290921141,0.771143586,0.93970717,-4.596074765
chr3-195442683-195443596,0.569732287,10.46709366,0.288001346,0.773377319,0.93970717,-4.596290181
chr4-184649102-184649972,0.615856407,9.638686421,0.296278664,0.767049864,0.93970717,-4.596174376
chr4-39044409-39045291,0.720071157,9.320515364,0.298512759,0.765344689,0.93970717,-4.595901972
chr5-134904489-134905344,-0.429934345,10.06415842,-0.282816264,0.777348689,0.93970717,-4.597106461
chr6-143842813-143843749,0.656934534,9.463819088,0.287466107,0.773786998,0.93970717,-4.595997381
chr6-3118192-3119097,0.57168836,10.03616765,0.28233439,0.777718065,0.93970717,-4.596240885
chr7-108525784-108526674,-0.471705287,10.03616765,-0.28912909,0.772514336,0.93970717,-4.596838387
chr7-151083008-151083957,-0.618442748,9.382914617,-0.286140689,0.774801761,0.93970717,-4.596101617
chr9-85940753-85941594,0.787894869,9.382914617,0.280089771,0.779439316,0.93970717,-4.595701814
chr3-37175882-37176750,0.629741644,9.826017874,0.278622399,0.780565134,0.93986414,-4.596021822
chr5-36241592-36242490,0.475649963,9.123981562,0.272459307,0.785298671,0.944359166,-4.596636359
chr18-47748874-47750062,0.615035183,9.443342963,0.268035251,0.788701465,0.946040893,-4.596000484
chr8-89983942-89984882,0.675747594,9.647075033,0.269278433,0.787744852,0.946040893,-4.59585571
chr14-61694985-61695872,-0.547164065,9.443342963,-0.25902564,0.795643695,0.947147097,-4.596164106
chr16-81006821-81007647,0.595898377,9.423651071,0.25998782,0.794901517,0.947147097,-4.596006503
chr16-87492041-87493453,0.831651732,8.782121888,0.261489075,0.793743895,0.947147097,-4.595580145
chr17-32518929-32519805,0.514967474,9.10460605,0.259090052,0.795594005,0.947147097,-4.596299151
chr2-148881316-148882474,0.291981579,11.9445612,0.265035231,0.791011254,0.947147097,-4.598935659
chr2-74002193-74003117,0.590094507,10.00248342,0.260813601,0.794264699,0.947147097,-4.596029343
chr19-45001671-45002304,0.580691873,9.382914617,0.255266085,0.798545397,0.949404099,-4.596022276
chr11-66051726-66052660,-0.49417132,10.04775781,-0.248909354,0.803457973,0.954043177,-4.59630837
chr20-47894660-47895516,0.626124724,9.566170562,0.246640656,0.805213151,0.954926149,-4.595847976
chr11-93197383-93198284,-0.634490202,9.294495497,-0.244435198,0.806920345,0.955370289,-4.595817103
chr14-22852859-22853819,0.560171014,9.403174947,0.243542339,0.807611749,0.955370289,-4.596008107
chr6-145814309-145815241,0.480044514,9.665580252,0.241013592,0.809570752,0.956489098,-4.596305585
chr21-46458338-46459282,-0.402674615,10.06008292,-0.235608899,0.813761721,0.959040031,-4.596733996
chr8-108443185-108444155,0.546266662,9.804311112,0.236704827,0.812911468,0.959040031,-4.596005272
chr2-71276145-71277075,-0.475355859,9.447418471,-0.231602058,0.816872207,0.96150544,-4.596241837
chr1-150579228-150580121,-0.463711702,9.408934484,-0.222222993,0.824164331,0.967154791,-4.596210248
chr12-103840853-103841778,0.417759909,9.401419835,0.216761872,0.828417346,0.967154791,-4.596401078
chr16-89699810-89700732,-0.424776574,9.498227567,-0.2225192,0.823933797,0.967154791,-4.596422312
chr3-177359623-177360690,-0.694795364,9.090763427,-0.221008734,0.82510953,0.967154791,-4.59560082
chr5-179559226-179560151,-0.462876224,9.491594066,-0.216215076,0.82884346,0.967154791,-4.59615874
chr5-271061-271987,0.34458187,9.544507764,0.216678157,0.828482582,0.967154791,-4.597000536
chr6-52503907-52504870,-0.468326664,9.403174947,-0.218276113,0.827237574,0.967154791,-4.596153173
chr5-140710776-140711651,-0.67621775,9.144774067,-0.214150517,0.830452807,0.967836358,-4.595598083
chr1-23959209-23960074,-0.441032094,9.090763427,-0.211320258,0.832660183,0.968675474,-4.596215311
chr3-75668705-75669778,0.306520272,10.7471738,0.210596217,0.83322509,0.968675474,-4.597370332
chr1-193104963-193105828,0.467567751,9.382914617,0.204730717,0.837804588,0.971606304,-4.59603745
chr3-43621668-43622574,-0.429150977,9.544507764,-0.205687975,0.837056828,0.971606304,-4.596218647
chr3-121749328-121750196,-0.409570831,9.157519749,-0.201329463,0.840462654,0.973492939,-4.596277706
chr19-40444135-40445039,-0.421777961,10.08441875,-0.196888428,0.843936041,0.976318165,-4.596166059
chr1-44354786-44355704,-0.373100151,9.403174947,-0.164150602,0.869630158,0.977132972,-4.596060727
chr1-54581315-54582173,0.387373185,9.320515364,0.1639018,0.869825993,0.977132972,-4.595990161
chr10-45594327-45595236,-0.254315609,10.10885084,-0.140309827,0.888430167,0.977132972,-4.596609616
chr10-48306204-48307062,0.208260462,10.44292515,0.123740697,0.901533759,0.977132972,-4.596854959
chr11-30322696-30323592,0.355707369,9.772007234,0.166965978,0.867414698,0.977132972,-4.596189636
chr11-47152760-47153709,0.3442193,9.45142605,0.128299438,0.897925674,0.977132972,-4.595802573
chr12-108857219-108858103,0.358442293,9.491594066,0.176777967,0.859701757,0.977132972,-4.596296612
chr12-53625773-53626689,-0.438224873,8.822289905,-0.191828039,0.847897535,0.977132972,-4.596041822
chr12-56103972-56104878,0.428386436,9.612666554,0.165527567,0.868546476,0.977132972,-4.595845386
chr12-82358184-82359137,0.249783062,10.35450603,0.129319641,0.897118506,0.977132972,-4.596435914
chr13-99987364-99988273,-0.507294988,8.685270192,-0.162190037,0.871173561,0.977132972,-4.595617248
chr14-58199602-58200512,-0.250886905,9.834406486,-0.124424877,0.900992123,0.977132972,-4.596329131
chr14-75069026-75069940,-0.398346224,9.366513999,-0.13356575,0.893760204,0.977132972,-4.59567165
chr15-29103514-29104482,-0.296642129,9.804311112,-0.129322589,0.897116173,0.977132972,-4.596053369
chr15-73683820-73684774,0.353714133,9.403174947,0.169561685,0.865373023,0.977132972,-4.596234574
chr16-54928682-54929558,0.352718226,9.443342963,0.135522344,0.892213346,0.977132972,-4.595843904
chr16-90019140-90019993,0.319171583,9.524247434,0.123693932,0.901570783,0.977132972,-4.595858777
chr17-7351443-7352388,-0.398346224,9.366513999,-0.13356575,0.893760204,0.977132972,-4.59567165
chr18-53588920-53590236,0.263871061,9.524247434,0.164688533,0.869206773,0.977132972,-4.597011107
chr19-17225964-17226922,0.371337841,9.753999372,0.174732563,0.861308514,0.977132972,-4.596191981
chr19-38849789-38850737,0.3212289,10.37024197,0.172534735,0.863035649,0.977132972,-4.596517386
chr19-4402101-4402980,-0.349593582,9.382914617,-0.156821776,0.875402078,0.977132972,-4.596100279
chr19-488703-489572,-0.398799585,9.772007234,-0.15601544,0.87603753,0.977132972,-4.595865904
chr19-49118646-49119517,0.417728731,9.336418625,0.172851475,0.862786702,0.977132972,-4.595949689
chr19-7903280-7904318,0.313290112,9.808668181,0.126375251,0.899448348,0.977132972,-4.595919797
chr19-796867-797681,0.28446085,9.632926884,0.133472054,0.893834289,0.977132972,-4.596199866
chr2-219552128-219553089,-0.307661785,10.12458677,-0.151779892,0.879376759,0.977132972,-4.596307296
chr2-32063216-32064113,-0.373054532,10.01766243,-0.172587625,0.862994079,0.977132972,-4.596157049
chr2-90383352-90384205,-0.373100151,9.403174947,-0.164150602,0.869630158,0.977132972,-4.596060727
chr20-25390443-25391281,-0.335450058,9.894834833,-0.164580058,0.869292146,0.977132972,-4.596289444
chr22-26589645-26590537,0.478801415,9.443342963,0.161976369,0.871341795,0.977132972,-4.595676746
chr3-39406282-39407174,0.457509655,9.090763427,0.145378667,0.884427425,0.977132972,-4.595613796
chr3-49802586-49803533,-0.59658759,9.169109904,-0.189195136,0.849960216,0.977132972,-4.59560447
chr3-50299066-50299959,-0.359669026,9.197687765,-0.142205542,0.886932827,0.977132972,-4.595885081
chr4-139453396-139454340,-0.546694896,9.473438338,-0.183628605,0.854324539,0.977132972,-4.595664638
chr4-39181930-39182825,0.329342198,10.26591959,0.154639797,0.877121823,0.977132972,-4.596194679
chr4-82284626-82285561,0.341917094,9.753502015,0.160029739,0.872874766,0.977132972,-4.596185955
chr5-107672124-107673041,0.390009131,9.060430455,0.13626747,0.891624367,0.977132972,-4.595718544
chr5-160119166-160120033,-0.525590348,9.120858801,-0.166280107,0.867954325,0.977132972,-4.595606221
chr5-179550388-179551333,0.333352957,9.584675781,0.129233945,0.897186303,0.977132972,-4.595858229
chr5-181223049-181223948,0.213233618,10.03616765,0.138572023,0.889803131,0.977132972,-4.597186618
chr5-78648427-78649286,0.381833749,9.772007234,0.164004112,0.869745461,0.977132972,-4.59601666
chr6-108559189-108560138,-0.291706465,9.99965457,-0.133878472,0.893512943,0.977132972,-4.596153078
chr6-31739551-31740375,-0.398057471,8.854805074,-0.128872515,0.897472252,0.977132972,-4.595634963
chr7-151251447-151252374,0.378585684,9.566170562,0.152835324,0.878544472,0.977132972,-4.595915055
chr7-16645484-16646376,-0.362809434,9.663022258,-0.16073392,0.872320169,0.977132972,-4.596074943
chr7-66114571-66115517,0.360800052,9.354923844,0.152682709,0.878664812,0.977132972,-4.595993612
chr7-91071317-91072278,-0.303494896,9.052209169,-0.144291764,0.885285481,0.977132972,-4.596225284
chr8-123416157-123417058,0.265243661,9.94564393,0.1557288,0.876263443,0.977132972,-4.596798758
chr8-12755121-12756025,-0.249775217,9.361251819,-0.1253976,0.900222139,0.977132972,-4.596358728
chr8-133571697-133572564,0.301338789,9.734091685,0.127864907,0.8982695,0.977132972,-4.596004598
chr8-27991861-27993128,0.311677367,9.197687765,0.158730865,0.873897896,0.977132972,-4.596382409
chr8-30082700-30083552,0.266713161,9.894834833,0.13631042,0.89159042,0.977132972,-4.596399933
chr9-127224666-127225385,-0.342837959,9.320515364,-0.140578205,0.888218163,0.977132972,-4.595943234
GL000194.1-55893-56876,0.280898991,9.382914617,0.12436144,0.901042342,0.977132972,-4.596083798
chr19-9818901-9819805,-0.212415852,9.780246127,-0.121011259,0.903694994,0.978036854,-4.596716272
chr3-155870076-155870954,-0.273096337,10.03616765,-0.118716068,0.905512935,0.978036854,-4.596050505
chr9-112750317-112751198,0.278138657,9.439029858,0.119530367,0.9048679,0.978036854,-4.596029259
chr1-9428536-9429460,-0.277364799,9.157519749,-0.109499557,0.91281791,0.978723625,-4.595889192
chr10-133688900-133689878,0.148042956,10.78782271,0.11233526,0.910569527,0.978723625,-4.597954373
chr12-124320664-124321649,-0.261545984,9.137259419,-0.107450452,0.914443048,0.978723625,-4.595953311
chr16-46385989-46386884,0.165987875,11.24573229,0.114565569,0.908801654,0.978723625,-4.59746499
chr22-41468498-41469429,-0.261545984,9.137259419,-0.107450452,0.914443048,0.978723625,-4.595953311
chr3-10320687-10321651,-0.260360772,9.417323096,-0.108421184,0.913673119,0.978723625,-4.595975981
chr3-15205786-15206653,-0.17267242,10.70691824,-0.113650666,0.909526805,0.978723625,-4.597253363
chr7-101815268-101816328,0.267835152,9.804311112,0.115856055,0.907778945,0.978723625,-4.596042003
chr11-65637756-65638535,-0.196797921,9.510099285,-0.104261618,0.91697281,0.979210784,-4.59650606
chr16-4802355-4803150,0.329826888,9.350610738,0.105548244,0.915952003,0.979210784,-4.595625925
chr1-226109717-226110480,0.267076334,9.157519749,0.08498513,0.932282223,0.982204366,-4.595622215
chr1-231421923-231422809,0.1923613,9.477751443,0.088125123,0.929786575,0.982204366,-4.596160001
chr14-49862509-49863411,0.209981529,9.531762083,0.091291786,0.927270429,0.982204366,-4.596056182
chr15-44536516-44537487,-0.19997222,9.755754483,-0.087067488,0.930627101,0.982204366,-4.596059638
chr19-14136409-14137350,0.266587861,9.260087018,0.086209522,0.931309003,0.982204366,-4.595638572
chr20-30813492-30814621,-0.198950782,9.531762083,-0.08672055,0.930902837,0.982204366,-4.596061816
chr21-9246072-9247124,0.137447625,9.534590929,0.08606032,0.931427592,0.982204366,-4.597061761
chr4-127964853-127965798,-0.251514731,9.324590872,-0.083701998,0.933302242,0.982204366,-4.59566942
chr5-52787663-52788628,-0.173691643,9.723406641,-0.093626666,0.925415661,0.982204366,-4.596557863
chr5-90409385-90410259,-0.212101366,9.201763272,-0.091761099,0.926897587,0.982204366,-4.596046947
chr7-2403103-2403966,0.227353287,9.918750099,0.099256371,0.920945256,0.982204366,-4.596062554
chrX-119574163-119575050,0.27264358,9.361251819,0.094553814,0.92467927,0.982204366,-4.595715483
chrY-11306140-11307155,0.157112283,9.864739459,0.094137164,0.925010188,0.982204366,-4.596895816
chr21-7258438-7259459,-0.145710979,9.883244677,-0.07922166,0.936864712,0.984855555,-4.596586418
chr19-55598748-55599772,-0.240319101,9.120858801,-0.077276451,0.938411812,0.985384595,-4.595633496
chr12-118135699-118136558,-0.164749675,9.385019218,-0.07056711,0.943749761,0.986599972,-4.59603178
chr2-48314044-48314910,-0.199892675,9.443342963,-0.071430752,0.943062501,0.986599972,-4.595754668
chr4-781551-782470,-0.106007678,10.25018365,-0.072132483,0.942504116,0.986599972,-4.59741755
chr7-112206049-112206984,0.200764926,9.6730949,0.073050877,0.941773369,0.986599972,-4.595777865
chr17-30905965-30906854,0.14503388,9.443342963,0.066294156,0.947150655,0.986652003,-4.596158854
chr2-106193894-106194754,-0.177233178,9.606907017,-0.065252007,0.947980262,0.986652003,-4.595794257
chr3-128680449-128681334,0.124826647,9.6730949,0.0665679,0.946932749,0.986652003,-4.596533501
chr6-10747204-10748143,0.183282165,9.443342963,0.065627851,0.947681063,0.986652003,-4.595757753
chr6-118934669-118935404,-0.173893521,9.477751443,-0.06332573,0.949513831,0.986769099,-4.595779832
chr7-134986195-134987138,-0.19697792,9.10460605,-0.0624848,0.95018338,0.986769099,-4.595620769
chr5-134923351-134926078,0.083992021,10.71741146,0.060931112,0.951420521,0.986968101,-4.597734543
chr17-75182461-75183382,0.132962896,9.484079418,0.054321742,0.956684575,0.990403202,-4.595951254
chr19-58558376-58559295,0.141838314,9.090763427,0.05413892,0.956830212,0.990403202,-4.595845642
chr17-45135130-45136007,-0.129628969,9.141334926,-0.051563125,0.958882257,0.991440143,-4.595908248
chr9-133148876-133149797,-0.104033173,9.498227567,-0.045005053,0.964108041,0.995752725,-4.59605281
chr10-41903079-41903952,0.055043437,9.860426353,0.035255267,0.97187992,0.998765106,-4.59716431
chr10-97498233-97499188,-0.067106051,9.937255317,-0.038379204,0.969389399,0.998765106,-4.596750235
chr11-64000156-64001057,0.069180091,9.286106885,0.03702444,0.970469433,0.998765106,-4.596547983
chr19-4968455-4969380,-0.103076397,9.443342963,-0.034709871,0.972314759,0.998765106,-4.595685813
chr3-134250189-134251135,0.081611529,9.943085936,0.035648251,0.971566603,0.998765106,-4.59607172
chr1-154974093-154975169,0.057802174,9.531762083,0.019531772,0.984418956,0.998898182,-4.595690213
chr1-181088232-181089106,-0.030684419,9.443342963,-0.012857135,0.989743132,0.998898182,-4.59599679
chr1-248837905-248838694,-0.032589084,9.524247434,-0.012297294,0.990189726,0.998898182,-4.595831179
chr1-54052952-54053891,-0.017458069,9.584675781,-0.006608748,0.994727719,0.998898182,-4.595835806
chr1-633506-635020,-0.008514886,13.02323829,-0.008983768,0.992833035,0.998898182,-4.600654479
chr11-67606383-67607315,-0.02103734,9.286106885,-0.008998221,0.992821506,0.998898182,-4.596033689
chr12-56127678-56128583,-0.038631391,10.12458677,-0.018552268,0.985200241,0.998898182,-4.59627127
chr12-56315717-56316631,0.076504168,9.524247434,0.029100922,0.976787176,0.998898182,-4.595842173
chr14-39102798-39103650,0.043894435,9.721346003,0.016696091,0.98668083,0.998898182,-4.59584253
chr14-39266620-39267581,0.063202743,9.461848182,0.02130242,0.983006665,0.998898182,-4.59568728
chr14-68978992-68979903,-0.014101313,9.524247434,-0.005977052,0.995231662,0.998898182,-4.596017319
chr14-69611242-69612112,-0.006240884,9.647075033,-0.002707487,0.997840027,0.998898182,-4.596060004
chr15-45522275-45523192,-0.053097425,9.382914617,-0.019949044,0.98408613,0.998898182,-4.595824849
chr18-35972033-35972963,-0.026286458,9.795922499,-0.014916905,0.988100049,0.998898182,-4.596727045
chr19-10870783-10871936,-0.005116048,10.03406305,-0.002778029,0.99778375,0.998898182,-4.596591931
chr19-42396592-42397524,-0.021524661,9.403174947,-0.010109511,0.991934983,0.998898182,-4.596221478
chr2-238906637-238909915,0.060850876,9.795922499,0.028142233,0.977551685,0.998898182,-4.596187296
chr20-28513210-28514119,0.06102981,9.584675781,0.025237862,0.979867905,0.998898182,-4.595973625
chr22-28882959-28884179,0.077085389,9.6730949,0.02931924,0.976613081,0.998898182,-4.595842028
chr22-41285882-41286780,-0.015984766,9.477751443,-0.00618951,0.995062171,0.998898182,-4.59586893
chr4-7042687-7043698,0.020475436,9.544507764,0.008115387,0.993525786,0.998898182,-4.595904639
chr5-80255617-80256495,-0.022849038,9.320515364,-0.008643675,0.993104344,0.998898182,-4.59583482
chr6-4021028-4021898,0.079990295,9.144774067,0.030009954,0.976062286,0.998898182,-4.595822485
chr7-2459990-2460967,-0.008651825,9.205770851,-0.003724107,0.997028993,0.998898182,-4.596045381
chr9-132354623-132355550,-0.001448178,9.374526004,-0.000620997,0.999504582,0.999504582,-4.596038406
