gene,logFC,AveExpr,t,P.Value,adj.P.Val,B,GO.Focus.function
chr8-90645516-90646462,4.099400912,9.435828315,3.693101228,0.000225721,0.21308081,-2.847973255,NA
chr1-150579228-150580121,-2.86991646,9.408934484,-2.341468575,0.019277029,0.505486537,-4.070049729,NA
chr1-23959209-23960074,-3.46539095,9.090763427,-2.745067469,0.006088032,0.505486537,-3.854733781,NA
chr1-244451598-244452484,-3.068924102,9.788407851,-2.757506233,0.005861777,0.505486537,-3.697139353,NA
chr1-27234099-27234992,3.36346131,8.792194531,2.432990717,0.015036192,0.505486537,-4.113081961,NA
chr10-110497397-110498274,-3.260190777,9.320515364,-2.594292659,0.009527441,0.505486537,-3.943492467,NA
chr10-35336075-35337074,-2.7955832,9.584675781,-2.347347439,0.018976118,0.505486537,-4.044329894,NA
chr11-44564960-44565859,-2.932081527,9.6730949,-2.593415619,0.009551715,0.505486537,-3.836547989,NA
chr11-67239482-67240412,-3.816897341,8.808866,-2.748870051,0.006018044,0.505486537,-3.953252206,NA
chr12-45990253-45991097,-3.220509181,9.393258111,-2.538990404,0.011170373,0.505486537,-3.985085791,NA
chr12-95217146-95218046,-3.430298928,9.03033508,-2.517056238,0.01188879,0.505486537,-4.059571538,NA
chr13-24922451-24923370,-3.015202889,9.647075033,-2.372035476,0.01775687,0.505486537,-4.080918476,NA
chr13-67230101-67230959,3.130357414,9.03033508,2.374597819,0.017634348,0.505486537,-4.106943358,NA
chr16-27203340-27204302,-3.151357534,9.498227567,-2.496488885,0.012599377,0.505486537,-4.005448643,NA
chr16-89699810-89700732,-3.298946455,9.498227567,-2.701884641,0.006935874,0.505486537,-3.845774788,NA
chr18-10525698-10526587,3.518907289,8.822289905,2.593628758,0.009545811,0.505486537,-4.01539953,NA
chr19-11924677-11925622,3.079042039,9.881921707,2.700114782,0.006972784,0.505486537,-3.769506625,NA
chr19-22622784-22623744,3.582240088,8.760614898,2.61598941,0.00894418,0.505486537,-4.011785862,NA
chr2-119759388-119760251,-3.012618356,9.584675781,-2.532672711,0.011373235,0.505486537,-3.928837122,NA
chr2-216081343-216082372,-3.643392224,9.072258208,-2.712683256,0.006714452,0.505486537,-3.939903926,NA
chr2-218405999-218406936,2.94268303,9.649179635,2.431544294,0.015096234,0.505486537,-4.007232908,NA
chr2-3574740-3575737,-3.427121969,9.245938868,-2.917565324,0.003555526,0.505486537,-3.646042352,NA
chr2-71276145-71277075,-3.013345096,9.447418471,-2.39386751,0.016736461,0.505486537,-4.061315316,NA
chr20-3819995-3821005,2.742872279,9.649179635,2.423069258,0.015452304,0.505486537,-3.954279276,NA
chr20-49277854-49278802,-2.885787331,9.619084261,-2.46846802,0.013627927,0.505486537,-3.953801061,NA
chr22-41620669-41621588,-3.220097438,9.179182546,-2.401463809,0.016393695,0.505486537,-4.105904588,NA
chr4-2261865-2262796,-2.953160353,9.507846817,-2.403804378,0.016289333,0.505486537,-4.036136869,NA
chr4-6269305-6270196,3.544592873,8.784679882,2.579525008,0.009943607,0.505486537,-4.034124316,NA
chr5-141618646-141619530,-3.050634595,9.649179635,-2.505625614,0.012279192,0.505486537,-3.96762,NA
chr5-94111126-94112052,3.112851116,9.147602913,2.375254816,0.017603053,0.505486537,-4.102236386,NA
chr6-39114544-39115484,-2.7955832,9.584675781,-2.347347439,0.018976118,0.505486537,-4.044329894,NA
chr7-129224455-129225340,-3.018228952,9.667335363,-2.500834978,0.012446163,0.505486537,-3.962536993,NA
chr7-73556972-73557788,3.436829352,9.144774067,2.705673443,0.006857449,0.505486537,-3.886178056,NA
chr8-17155889-17156723,-3.396919464,9.03033508,-2.470155962,0.01356393,0.505486537,-4.090688102,NA
chr9-109013119-109013967,3.392284073,9.185510521,2.686690856,0.007258532,0.505486537,-3.891610076,NA
chr9-33024795-33025651,-3.259876054,9.13901453,-2.399939113,0.016461994,0.505486537,-4.116258425,NA
chr10-44864564-44865493,2.856233243,9.596265937,2.31065147,0.02092363,0.512588007,-4.093628501,NA
chr18-28177495-28178403,3.03715059,9.157519749,2.306101788,0.021176835,0.512588007,-4.140976136,NA
chr9-40991728-40992656,-2.80594237,9.421680165,-2.306347047,0.021163118,0.512588007,-4.084339713,NA
chr1-203304997-203305897,-2.851437841,9.373429063,-2.283940436,0.022448737,0.516868479,-4.115324149,NA
chr10-62373844-62374786,2.763871728,9.443342963,2.291722492,0.02199473,0.516868479,-4.086196927,NA
chr11-695047-695871,2.645234802,9.484079418,2.206680279,0.02741637,0.533046943,-4.129641766,NA
chr12-27779743-27780675,-2.793328962,9.461848182,-2.1838567,0.029054562,0.533046943,-4.182884886,NA
chr14-61694985-61695872,-2.741320179,9.443342963,-2.157420679,0.03105676,0.533046943,-4.191988699,NA
chr15-89485872-89487670,2.865728888,9.120858801,2.190202905,0.028590804,0.533046943,-4.193528902,NA
chr16-11586568-11587479,-2.985338417,9.10460605,-2.176275107,0.029617077,0.533046943,-4.227479823,NA
chr16-50368471-50369313,-3.06642158,8.998031202,-2.18866286,0.028702755,0.533046943,-4.233942708,NA
chr16-89873697-89874526,-2.817135202,9.443342963,-2.222188521,0.026349289,0.533046943,-4.158010985,NA
chr19-13879879-13880796,2.690869402,9.417323096,2.215098851,0.026832571,0.533046943,-4.133849248,NA
chr19-19663393-19664310,-2.83926975,9.443342963,-2.255315223,0.02418959,0.533046943,-4.136266929,NA
chr2-127387639-127388408,-3.024567953,9.060430455,-2.168375411,0.030213137,0.533046943,-4.240201637,NA
chr3-50674626-50675693,2.72431529,9.320515364,2.194433075,0.028285233,0.533046943,-4.158944885,NA
chr4-183505746-183506647,-2.766708128,9.403174947,-2.163464578,0.030588852,0.533046943,-4.19282282,NA
chr9-101398292-101399210,2.52969736,9.619084261,2.193425917,0.02835773,0.533046943,-4.111344701,NA
chrX-136767009-136767951,-2.817135202,9.443342963,-2.222188521,0.026349289,0.533046943,-4.158010985,NA
chr16-33339413-33340294,2.725147966,9.558655914,2.120504275,0.034050243,0.544803888,-4.216458838,NA
chr2-20446568-20447490,2.606426894,9.403174947,2.120650682,0.0340379,0.544803888,-4.190929794,NA
chr5-179559226-179560151,-2.663791664,9.491594066,-2.132383051,0.033061165,0.544803888,-4.19445221,NA
chr7-16420569-16421626,2.695054919,9.81028194,2.134476604,0.032889421,0.544803888,-4.199617214,NA
chr10-41883772-41884623,2.625741072,9.584675781,2.073810453,0.038187097,0.575764509,-4.230633246,NA
chr2-209423481-209424390,2.484419,9.524247434,2.079761448,0.037637163,0.575764509,-4.195784709,NA
chr3-12967349-12968235,2.689266711,9.144774067,2.06477761,0.039034882,0.575764509,-4.249610917,NA
chr7-100177118-100178032,-3.110214995,8.665221154,-2.067771811,0.038752104,0.575764509,-4.31718073,NA
chr7-103148849-103149778,2.625741072,9.584675781,2.073810453,0.038187097,0.575764509,-4.230633246,NA
chr10-132452821-132453755,-2.753528985,9.351334984,-2.035293589,0.04191427,0.58835976,-4.281286007,NA
chr15-34209514-34210452,-2.639999444,9.699988732,-2.042108388,0.041233232,0.58835976,-4.256165967,NA
chr5-115544351-115545238,2.671153448,9.10460605,2.030668875,0.042381847,0.58835976,-4.269824846,NA
chr8-93740546-93741434,2.6985917,9.090763427,2.035614193,0.041882018,0.58835976,-4.271422099,NA
chr15-34101475-34102366,-2.682833144,9.382914617,-1.994944913,0.046144563,0.611485963,-4.29549114,NA
chr16-67806309-67807240,-2.396590977,9.717170981,-2.001458839,0.045438207,0.611485963,-4.237196344,NA
chr16-89657377-89658316,2.595227066,9.534590929,1.990437269,0.04663876,0.611485963,-4.283344805,NA
chr17-68035238-68036104,2.568388189,9.524247434,1.991041188,0.046572292,0.611485963,-4.278129999,NA
chr17-16568688-16569567,-2.440983261,9.524247434,-1.982479306,0.047522113,0.614532532,-4.26013146,NA
chr17-18260189-18261083,2.535533669,9.531762083,1.963594839,0.049674797,0.625240105,-4.290726934,NA
chr4-673998-674903,2.427304022,9.894834833,1.965506315,0.049453245,0.625240105,-4.269571132,NA
chr1-244047847-244048846,2.180848309,9.76151402,1.942399782,0.052187733,0.636532616,-4.236257512,NA
chr1-64966042-64966929,2.605956856,9.294495497,1.939046781,0.052594856,0.636532616,-4.318279094,NA
chr17-68205097-68205982,-2.68716539,9.201763272,-1.943199411,0.052091032,0.636532616,-4.328310661,NA
chr13-52450133-52450964,2.514719605,9.491594066,1.925125565,0.054313694,0.640901586,-4.312264129,NA
chr4-124712315-124713242,-2.505998105,9.675923747,-1.926802507,0.054104191,0.640901586,-4.309741761,NA
chr10-3785004-3785905,2.248158613,9.524247434,1.847636488,0.064759167,0.674443875,-4.317663928,NA
chr11-59171473-59172426,-2.614595332,9.137259419,-1.884473502,0.059603285,0.674443875,-4.352077293,NA
chr11-74467064-74467979,2.507798871,9.324590872,1.836123589,0.066444153,0.674443875,-4.364660465,NA
chr11-95066917-95067878,-2.596694463,9.10460605,-1.848950764,0.064569078,0.674443875,-4.369498708,NA
chr12-27013925-27014817,2.515065158,9.354923844,1.870047801,0.061580271,0.674443875,-4.346136878,NA
chr12-56636532-56637255,-2.599016395,9.157519749,-1.876412966,0.060701354,0.674443875,-4.35448841,NA
chr20-25390443-25391281,-2.305090399,9.894834833,-1.872743709,0.061206735,0.674443875,-4.310856941,NA
chr21-9246072-9247124,-2.398068904,9.534590929,-1.841713879,0.065621519,0.674443875,-4.345590262,NA
chr4-151099134-151100011,-2.082281345,10.06008292,-1.846039837,0.064990719,0.674443875,-4.288459134,NA
chr4-39527175-39528102,2.337734035,9.354923844,1.836142716,0.066441324,0.674443875,-4.339712608,NA
chr6-37169531-37170452,2.448223684,9.491594066,1.860662561,0.062895416,0.674443875,-4.341754006,NA
chrX-131802514-131803610,-2.282695402,9.531762083,-1.847976335,0.064709969,0.674443875,-4.323300601,NA
chrX-78103618-78104546,-2.353554565,9.755754483,-1.876297531,0.0607172,0.674443875,-4.31681337,NA
chr1-12229484-12230512,-2.303685005,9.474162583,-1.765499332,0.077587627,0.675170505,-4.376580988,NA
chr1-211830222-211831106,2.188195713,9.566170562,1.743944446,0.081277277,0.675170505,-4.37290182,NA
chr1-54764177-54765084,-2.527886141,9.205770851,-1.804860158,0.071202747,0.675170505,-4.384398585,NA
chr1-58546275-58547109,-2.263976039,9.507846817,-1.817234299,0.069286885,0.675170505,-4.339861422,NA
chr16-34585451-34586113,1.914309289,10.3409148,1.786812044,0.074074798,0.675170505,-4.299117492,NA
chr17-17041902-17042925,-2.432889399,9.491594066,-1.82485551,0.068128132,0.675170505,-4.360635927,NA
chr17-47970515-47971433,-2.242752834,9.596265937,-1.828493859,0.067580595,0.675170505,-4.329257918,NA
chr19-47256604-47257514,2.343632289,9.790162962,1.784169372,0.074503179,0.675170505,-4.371464934,NA
chr2-109613661-109614585,-2.34685019,9.403174947,-1.739346903,0.082082413,0.675170505,-4.39653761,NA
chr2-62505596-62506528,2.075497798,10.31672868,1.783399577,0.074628344,0.675170505,-4.330714009,NA
chr21-36319807-36320643,2.300201105,9.584675781,1.754694163,0.079419767,0.675170505,-4.382186166,NA
chr22-36775853-36776748,2.135200609,9.531762083,1.777026894,0.075671126,0.675170505,-4.344706183,NA
chr3-112561567-112562508,2.438666415,9.209277921,1.740057113,0.081957618,0.675170505,-4.407153667,NA
chr3-66038617-66039482,-2.310191167,9.484079418,-1.754831616,0.079396241,0.675170505,-4.383438477,NA
chr3-9792346-9793293,2.177657898,9.403174947,1.753644174,0.079599666,0.675170505,-4.365638497,NA
chr4-183098742-183099630,-2.29605686,9.544507764,-1.750782016,0.080091734,0.675170505,-4.383813742,NA
chr4-3765464-3766550,-2.348795734,9.544507764,-1.80811931,0.070693973,0.675170505,-4.358311715,NA
chr4-3955251-3956210,-2.339152007,9.403174947,-1.78614559,0.074182641,0.675170505,-4.369712618,NA
chr6-36680050-36680968,-2.572148696,9.171667898,-1.738390884,0.082250644,0.675170505,-4.42254579,NA
chr7-108525784-108526674,-2.212185055,10.03616765,-1.76945095,0.076926248,0.675170505,-4.361250144,NA
chr7-140176707-140177633,2.333133619,9.619084261,1.797872208,0.072303736,0.675170505,-4.362064333,NA
chr7-1503863-1504874,-2.284649972,9.584675781,-1.764025751,0.077835442,0.675170505,-4.374803355,NA
chr2-218395804-218396668,2.268430441,9.197687765,1.728482627,0.084010728,0.677830151,-4.392484767,NA
chr2-48111191-48112056,-2.177040793,9.711578887,-1.73242001,0.083307681,0.677830151,-4.378042773,NA
chr16-53130231-53131144,1.952578291,10.14309199,1.723630807,0.084883656,0.67906925,-4.349658562,NA
chr16-2537440-2538379,-2.373898849,9.403174947,-1.714223277,0.086597145,0.681230876,-4.412699828,NA
chr8-12753765-12754705,2.370718597,9.320515364,1.71460907,0.086526332,0.681230876,-4.412143639,NA
chr1-8878465-8879398,2.388186384,9.550267301,1.693835436,0.090406521,0.682750049,-4.424272193,NA
chr10-95656257-95657114,2.25367093,9.366513999,1.696152908,0.089966831,0.682750049,-4.407897253,NA
chr19-1249217-1250007,2.03877698,10.08441875,1.705959525,0.088125263,0.682750049,-4.373985957,NA
chr4-77156414-77157273,-2.092698699,9.665580252,-1.699606671,0.08931475,0.682750049,-4.385351301,NA
chr8-37736092-37736984,2.25367093,9.366513999,1.696152908,0.089966831,0.682750049,-4.407897253,NA
chr14-20342888-20343816,-2.339902357,9.403174947,-1.68062175,0.092946687,0.687084521,-4.425466826,NA
chr22-20858399-20859286,-2.339902357,9.403174947,-1.68062175,0.092946687,0.687084521,-4.425466826,NA
chr8-143609249-143610133,2.295734164,9.403174947,1.679504827,0.093164003,0.687084521,-4.421199555,NA
chr9-35748750-35749656,2.134582534,9.382914617,1.665093185,0.096004777,0.702546588,-4.409900338,NA
chr15-73696609-73697694,2.124069833,9.157519749,1.609794587,0.107554158,0.73529731,-4.436858253,NA
chr17-31487525-31488408,2.226597541,9.443342963,1.626410093,0.103973701,0.73529731,-4.43948379,NA
chr19-10568535-10569453,-2.127033365,9.507846817,-1.6151001,0.106400413,0.73529731,-4.434581225,NA
chr19-12890157-12891487,-2.245950577,9.197687765,-1.601875426,0.109294686,0.73529731,-4.452579945,NA
chr19-7903280-7904318,2.056770773,9.808668181,1.599472295,0.109827247,0.73529731,-4.434789894,NA
chr2-197804217-197805034,2.284713534,9.6730949,1.623172992,0.104663727,0.73529731,-4.446695769,NA
chr2-219552128-219553089,-1.927722976,10.12458677,-1.607329065,0.108093677,0.73529731,-4.41591262,NA
chr20-17681980-17682919,1.874333482,9.969830048,1.611308682,0.107223894,0.73529731,-4.407023023,NA
chr3-37175882-37176750,2.062443597,9.826017874,1.616481174,0.106101699,0.73529731,-4.426828727,NA
chr4-84582438-84583322,2.305236292,9.612666554,1.61042272,0.107417048,0.73529731,-4.454258958,NA
chr7-105013505-105014450,2.241878005,9.382914617,1.617806464,0.105815676,0.73529731,-4.444998406,NA
chr8-142614038-142615071,-2.163188179,9.524247434,-1.60423708,0.108773309,0.73529731,-4.443523275,NA
chr11-64251018-64251896,1.988095518,9.421680165,1.592108327,0.11147197,0.741053094,-4.431008581,NA
chr12-122526551-122527474,-2.056277357,9.55609792,-1.579279529,0.114383634,0.745769422,-4.444615407,NA
chr3-86420890-86421896,2.067205681,9.144774067,1.580739171,0.114049359,0.745769422,-4.445020152,NA
chr5-58459881-58460664,2.09664513,9.320515364,1.57854802,0.114551447,0.745769422,-4.448979976,NA
chr1-1115838-1116744,-2.052522263,9.544507764,-1.567379066,0.117137835,0.751694412,-4.449901762,NA
chr13-20525390-20526338,2.34726007,9.245938868,1.561141387,0.118602128,0.751694412,-4.477984099,NA
chr7-88219668-88220557,1.96490499,9.507846817,1.56468992,0.11776736,0.751694412,-4.442349055,NA
chr9-129488193-129489101,-2.018692013,9.584675781,-1.560952544,0.118646682,0.751694412,-4.449617535,NA
chr1-147669211-147669973,1.919169296,9.443342963,1.495338612,0.134937512,0.760173794,-4.470719738,NA
chr12-68932791-68933857,-2.183806764,9.197687765,-1.534498943,0.125018656,0.760173794,-4.475909662,NA
chr13-30617231-30618115,-2.00517798,9.584675781,-1.530704761,0.125954064,0.760173794,-4.462385793,NA
chr17-8152051-8152961,1.992925817,9.477751443,1.508113317,0.131637071,0.760173794,-4.47136864,NA
chr19-2059246-2060221,2.141311732,9.320515364,1.496248288,0.134700394,0.760173794,-4.487879272,NA
chr2-177212267-177213079,1.777638885,9.912990562,1.487873066,0.136895704,0.760173794,-4.461530523,NA
chr2-217922181-217923136,1.922163127,9.566170562,1.488726931,0.136670633,0.760173794,-4.473912067,NA
chr2-30230959-30231853,1.919169296,9.443342963,1.495338612,0.134937512,0.760173794,-4.470719738,NA
chr3-160755036-160755969,-1.959909437,9.6730949,-1.536661124,0.124488026,0.760173794,-4.455414901,NA
chr4-122922353-122923238,-1.994612412,9.544507764,-1.502091251,0.133185032,0.760173794,-4.474125907,NA
chr5-157142354-157143300,-2.080475183,9.534590929,-1.546389886,0.122122168,0.760173794,-4.462131526,NA
chr5-181223049-181223948,-1.816933869,10.03616765,-1.520568218,0.128479862,0.760173794,-4.449179446,NA
chr6-166998823-166999730,2.236822224,9.120858801,1.512607965,0.130490849,0.760173794,-4.48844559,NA
chr6-85643099-85643964,2.125447887,9.423651071,1.5259251,0.127140184,0.760173794,-4.474760664,NA
chr7-102748396-102749376,2.111719332,9.443342963,1.521402811,0.128270424,0.760173794,-4.475530385,NA
chr7-25124948-25125901,1.922163127,9.566170562,1.488726931,0.136670633,0.760173794,-4.473912067,NA
chr7-73578257-73579177,-2.143157997,9.366513999,-1.500580579,0.133575551,0.760173794,-4.48632911,NA
chr8-123416157-123417058,-1.985656523,9.94564393,-1.525250399,0.127308316,0.760173794,-4.463094415,NA
chr8-133571697-133572564,2.024767444,9.734091685,1.549173236,0.121451817,0.760173794,-4.45573541,NA
chr8-143430475-143431359,2.115249468,9.443342963,1.523132519,0.127837204,0.760173794,-4.475096559,NA
chr8-83377137-83378856,-2.032860499,9.443342963,-1.512878179,0.130422187,0.760173794,-4.472663574,NA
chr1-10694376-10695359,2.185651165,9.169109904,1.482602079,0.13829143,0.760365918,-4.496083526,NA
chr8-60678144-60679043,-2.084136567,9.225678538,-1.481662969,0.138541248,0.760365918,-4.48943335,NA
chr10-133688900-133689878,-1.41700326,10.78782271,-1.476734471,0.139858012,0.763155859,-4.431277424,NA
chr17-14308978-14309900,-2.070783191,9.443342963,-1.471600306,0.141239951,0.766267319,-4.49239,NA
chr10-41903079-41903952,-1.788188751,9.860426353,-1.454693446,0.14586497,0.770279469,-4.477984633,NA
chr19-36489167-36490138,1.890985685,9.403174947,1.454402461,0.145945575,0.770279469,-4.486202765,NA
chr19-45584216-45585141,1.99273874,9.544507764,1.451524768,0.146744554,0.770279469,-4.494737011,NA
chr6-146543222-146544134,1.67523385,9.760417078,1.451054919,0.146875322,0.770279469,-4.470171727,NA
chr8-26291063-26291898,1.936648637,9.443342963,1.463300931,0.143496028,0.770279469,-4.485943908,NA
chrY-56836470-56837362,-1.636273861,10.11707212,-1.460620309,0.144230598,0.770279469,-4.461956032,NA
chr1-113929228-113930123,1.966560987,9.382914617,1.348241613,0.177688504,0.780176502,-4.52954057,NA
chr1-153922600-153923536,1.82611569,9.588751288,1.398769438,0.161991636,0.780176502,-4.504226203,NA
chr1-191595020-191597013,-2.024876534,9.2436864,-1.361160922,0.173571134,0.780176502,-4.528163201,NA
chr10-133308586-133309498,1.966560987,9.382914617,1.348241613,0.177688504,0.780176502,-4.52954057,NA
chr10-43105138-43105969,1.899969518,9.382914617,1.41601428,0.156881294,0.780176502,-4.502274212,NA
chr11-66051726-66052660,-1.792823531,10.04775781,-1.366076884,0.172023299,0.780176502,-4.514682099,NA
chr11-819101-819914,-1.818766742,9.584675781,-1.378938215,0.168022701,0.780176502,-4.511365368,NA
chr14-49862509-49863411,1.91362465,9.531762083,1.375545056,0.169071313,0.780176502,-4.517897354,NA
chr15-63504089-63504917,-1.979473601,9.443342963,-1.411349963,0.158251298,0.780176502,-4.508945237,NA
chr15-90902332-90903127,1.816859395,9.336418625,1.364278235,0.172588416,0.780176502,-4.516668352,NA
chr16-34594498-34595641,-1.009768519,11.82177857,-1.425792108,0.154038572,0.780176502,-4.433773938,NA
chr16-720785-721738,-2.003787693,9.830330979,-1.414057225,0.157455021,0.780176502,-4.509417527,NA
chr17-22520715-22522151,0.792969011,12.62374904,1.363243243,0.17291423,0.780176502,-4.491684672,NA
chr17-4967137-4968060,2.101376907,9.302010145,1.358529803,0.174403831,0.780176502,-4.532349587,NA
chr17-4987093-4987970,1.803108728,9.544507764,1.402065227,0.161005365,0.780176502,-4.501445124,NA
chr17-62965811-62966735,-1.896698777,9.443342963,-1.354228086,0.175771664,0.780176502,-4.524306063,NA
chr19-18636120-18637279,-1.937443999,9.403174947,-1.394184989,0.163371118,0.780176502,-4.512647431,NA
chr19-6737201-6738152,1.971884465,9.320515364,1.355120604,0.175487211,0.780176502,-4.527610207,NA
chr2-37231156-37232079,1.830916908,9.197687765,1.370233343,0.170722681,0.780176502,-4.515275162,NA
chr2-60881010-60881932,1.842717098,9.417323096,1.414727659,0.157258299,0.780176502,-4.499010581,NA
chr20-31064033-31064840,-2.215035859,8.886793759,-1.355797423,0.175271732,0.780176502,-4.537723279,NA
chr3-53255567-53256426,-1.811141092,9.864739459,-1.427625814,0.153509845,0.780176502,-4.491531593,NA
chr3-75435009-75435917,2.095803842,9.209277921,1.420589247,0.155546292,0.780176502,-4.512454823,NA
chr4-54064229-54065065,-2.096273496,9.443342963,-1.382611402,0.166893065,0.780176502,-4.524841192,NA
chr4-99950037-99950980,-2.014071933,9.147602913,-1.412732455,0.157844291,0.780176502,-4.510491036,NA
chr5-134904489-134905344,-1.620044295,10.06415842,-1.431636369,0.152358263,0.780176502,-4.474897283,NA
chr5-141877968-141879644,1.877549754,9.336418625,1.42175472,0.155207583,0.780176502,-4.498556749,NA
chr5-172187997-172189008,2.13226249,9.060430455,1.41212192,0.158023935,0.780176502,-4.517258549,NA
chr6-37818981-37819898,-1.905218042,9.443342963,-1.376727838,0.168705233,0.780176502,-4.517030896,NA
chr8-140464258-140465154,2.024709731,9.147602913,1.349246733,0.177365586,0.780176502,-4.531808653,NA
chr8-74321116-74321986,-1.862929717,9.491594066,-1.361991986,0.173308737,0.780176502,-4.519940327,NA
chr9-128094051-128094979,-2.101501039,9.320515364,-1.408910271,0.158971486,0.780176502,-4.516676476,NA
chr9-136686961-136687900,1.919977117,9.060430455,1.39145387,0.164197126,0.780176502,-4.512625434,NA
chr9-85940753-85941594,1.966560987,9.382914617,1.348241613,0.177688504,0.780176502,-4.52954057,NA
KI270728.1-232282-233180,1.816859395,9.336418625,1.364278235,0.172588416,0.780176502,-4.516668352,NA
chr14-88792440-88793345,-1.643702049,9.94564393,-1.343492594,0.179220161,0.781490965,-4.515065061,NA
chr8-27991861-27993128,-2.076225376,9.197687765,-1.342185082,0.17964358,0.781490965,-4.536042325,NA
chr5-177454121-177455051,2.007308007,9.544507764,1.332024435,0.182959343,0.792264312,-4.536206994,NA
chr4-2963023-2963965,1.847683658,9.507846817,1.323863087,0.185655366,0.800267878,-4.532017121,NA
chr1-156123444-156124350,1.900929672,9.403174947,1.317647111,0.187728389,0.80552545,-4.536202032,NA
chr9-132354623-132355550,1.89698478,9.374526004,1.313960968,0.188965762,0.807165968,-4.53716553,NA
chr11-65918789-65919718,-1.779870333,10.00175917,-1.302017394,0.193016327,0.817073598,-4.536208164,NA
chr20-38961868-38962767,-1.822216432,9.983253952,-1.303484301,0.192515427,0.817073598,-4.537426346,NA
chr22-24554907-24555754,1.814524472,9.795922499,1.298858484,0.194098241,0.817985445,-4.538565851,NA
chr6-7910402-7911191,1.638944516,9.584675781,1.280729232,0.200393663,0.839010555,-4.537750276,NA
chr9-127224666-127225385,-1.883781493,9.320515364,-1.279389281,0.200864815,0.839010555,-4.546770932,NA
chr11-130069258-130070163,-1.475008988,10.11116287,-1.269727072,0.204286189,0.842122978,-4.535783451,NA
chr6-119349383-119350329,1.586651355,9.584675781,1.27403636,0.202755072,0.842122978,-4.538130939,NA
chr6-32195377-32196266,-1.700816619,9.726008599,-1.271346706,0.203709738,0.842122978,-4.543013875,NA
chr15-82540069-82541003,-1.573463651,9.894834833,-1.264053888,0.206314716,0.842737938,-4.541099582,NA
chr5-139660955-139661773,1.876191472,9.524247434,1.260705407,0.20751886,0.842737938,-4.5516544,NA
chr5-36151534-36152434,1.706571963,9.403174947,1.266215882,0.205539945,0.842737938,-4.544805819,NA
chr9-104093657-104094662,1.649193065,9.619084261,1.259353967,0.208006292,0.842737938,-4.545098589,NA
chr1-11805546-11806579,1.597472711,9.320515364,1.160821267,0.245812431,0.843853052,-4.571836669,NA
chr10-17201024-17201955,-1.701683558,9.403174947,-1.211892839,0.225654504,0.843853052,-4.560293881,NA
chr10-22345070-22345954,-1.558039594,9.774259702,-1.170630309,0.241845903,0.843853052,-4.56892987,NA
chr10-45672229-45673170,-1.686955933,9.385019218,-1.191979334,0.233369222,0.843853052,-4.565200605,NA
chr11-95789212-95790090,-1.455182004,9.983253952,-1.205574078,0.228082477,0.843853052,-4.557420316,NA
chr12-130838767-130839626,-1.79524928,9.443342963,-1.160788306,0.245825836,0.843853052,-4.573962054,NA
chr12-9064524-9065308,1.594772211,9.443342963,1.218236397,0.223235632,0.843853052,-4.55622351,NA
chr12-990717-991626,-1.539633979,10.12889988,-1.184746025,0.236217292,0.843853052,-4.564874369,NA
chr13-113490407-113491323,1.88484279,9.137259419,1.238105092,0.215779722,0.843853052,-4.557734067,NA
chr14-52552204-52553130,1.620688472,9.408934484,1.199422552,0.230464022,0.843853052,-4.56208845,NA
chr15-73051758-73052672,1.57863971,9.887170465,1.198758927,0.230721996,0.843853052,-4.561534016,NA
chr16-34572576-34573390,1.152372896,11.04376185,1.225624286,0.220442007,0.843853052,-4.547669947,NA
chr16-88662808-88663702,1.708298291,9.336418625,1.170385087,0.241944512,0.843853052,-4.570779374,NA
chr17-44110798-44111734,1.773436369,9.286106885,1.231166966,0.218362656,0.843853052,-4.556786398,NA
chr17-78781987-78782866,1.541588526,9.524247434,1.21392052,0.224879299,0.843853052,-4.556396063,NA
chr19-11374477-11375418,1.823470759,9.090763427,1.185300135,0.235998249,0.843853052,-4.569006581,NA
chr19-45443104-45444870,1.617019307,9.588751288,1.219134519,0.222894673,0.843853052,-4.55645108,NA
chr19-49639928-49640878,-1.449935568,10.17750047,-1.244317324,0.213485769,0.843853052,-4.54427755,NA
chr2-217898003-217898904,-1.749424631,9.179182546,-1.216197846,0.224010923,0.843853052,-4.560174408,NA
chr2-88627174-88628118,1.636765407,9.921578945,1.201460542,0.229673069,0.843853052,-4.561824295,NA
chr21-33479579-33480470,1.469329761,10.26591959,1.256083767,0.209189211,0.843853052,-4.540604378,NA
chr22-19953294-19954240,1.63247985,9.70750338,1.223878672,0.221099811,0.843853052,-4.555423262,NA
chr3-125915788-125916737,-1.79524928,9.443342963,-1.160788306,0.245825836,0.843853052,-4.573962054,NA
chr3-138834470-138835334,1.838765753,9.584675781,1.204837646,0.228366657,0.843853052,-4.564791615,NA
chr3-183636215-183637090,1.666916922,9.382914617,1.23497258,0.216943158,0.843853052,-4.553035041,NA
chr3-81760979-81761944,-1.79524928,9.443342963,-1.160788306,0.245825836,0.843853052,-4.573962054,NA
chr4-139177663-139178414,1.574749771,9.566170562,1.164083115,0.244488388,0.843853052,-4.57079851,NA
chr4-17576840-17577778,-1.699241867,9.510099285,-1.226706517,0.220034893,0.843853052,-4.55620151,NA
chr4-7067759-7068630,-1.766802633,9.336418625,-1.243829896,0.21366512,0.843853052,-4.553170321,NA
chr4-82284626-82285561,-1.71667152,9.753502015,-1.173872873,0.240544657,0.843853052,-4.570071695,NA
chr5-179907461-179908332,-1.552703773,9.897087301,-1.241456367,0.21454002,0.843853052,-4.547993836,NA
chr5-49661033-49661897,0.777355024,12.24287511,1.239731869,0.215177302,0.843853052,-4.571605794,NA
chr6-31580578-31581488,-1.609014732,9.558655914,-1.197629932,0.231161346,0.843853052,-4.562374508,NA
chr7-138459794-138460649,1.565070367,9.983253952,1.190679284,0.233879305,0.843853052,-4.563581661,NA
chr7-26398107-26399166,-1.79524928,9.443342963,-1.160788306,0.245825836,0.843853052,-4.573962054,NA
chr7-76379648-76380579,-1.758635819,9.403174947,-1.22927741,0.219069938,0.843853052,-4.556931278,NA
chr8-143266945-143267852,-1.673303962,9.382914617,-1.170549584,0.241878361,0.843853052,-4.570300009,NA
chr8-144358093-144359032,-1.441781786,10.23989972,-1.179301067,0.238377375,0.843853052,-4.565338057,NA
chr9-34646276-34647188,1.518796027,9.484079418,1.18334569,0.236771495,0.843853052,-4.564998233,NA
chr9-35657704-35658573,-1.728944343,9.524247434,-1.253012098,0.210304749,0.843853052,-4.549477146,NA
chr9-64020630-64021572,-1.714291365,9.144774067,-1.182216834,0.237218926,0.843853052,-4.568051783,NA
chrY-11306140-11307155,-1.537272258,9.864739459,-1.208321227,0.227024611,0.843853052,-4.558003655,NA
chr1-179025631-179026506,-1.697760214,9.144774067,-1.147797287,0.251149206,0.845572709,-4.575781094,NA
chr10-48306204-48307062,-1.349849786,10.44292515,-1.115544158,0.264711955,0.845572709,-4.583270727,NA
chr10-75401622-75402537,-1.533304633,9.465923689,-1.085105554,0.277967268,0.845572709,-4.588735607,NA
chr10-86710954-86711835,1.45379021,9.531762083,1.069704841,0.284843349,0.845572709,-4.592610093,NA
chr11-61870930-61871803,-1.662977223,9.2436864,-1.07090734,0.284302352,0.845572709,-4.590692483,NA
chr11-67606383-67607315,-1.61014604,9.286106885,-1.073437722,0.283166222,0.845572709,-4.590506502,NA
chr12-111841747-111842627,1.460679107,9.403174947,1.114664855,0.265088651,0.845572709,-4.582647927,NA
chr12-49264576-49265482,-1.569906514,9.443342963,-1.085137006,0.277953342,0.845572709,-4.588521166,NA
chr12-56127678-56128583,-1.35730622,10.12458677,-1.089823137,0.275883782,0.845572709,-4.589581027,NA
chr12-8949425-8950310,-1.553934289,9.403174947,-1.073019325,0.283353868,0.845572709,-4.590948304,NA
chr13-51583793-51584729,-1.236792835,10.27656067,-1.07362222,0.283083504,0.845572709,-4.596395732,NA
chr14-90382887-90383779,1.467838476,9.463819088,1.09881451,0.271942386,0.845572709,-4.586262955,NA
chr15-44536516-44537487,-1.569459137,9.755754483,-1.12156212,0.262143753,0.845572709,-4.580917839,NA
chr15-44711081-44711953,-1.484321538,9.632926884,-1.080371404,0.280068819,0.845572709,-4.590086406,NA
chr16-29805211-29806230,1.45379021,9.531762083,1.069704841,0.284843349,0.845572709,-4.592610093,NA
chr19-34172010-34172957,1.475377814,9.526352036,1.137624365,0.255373606,0.845572709,-4.576979256,NA
chr19-39833373-39834242,1.519545217,9.443342963,1.130313591,0.258439828,0.845572709,-4.578833129,NA
chr19-40425490-40426353,-1.63422327,9.320515364,-1.101401353,0.270815616,0.845572709,-4.58516477,NA
chr19-55599921-55600647,1.470325261,9.496256662,1.127789704,0.25950428,0.845572709,-4.579441422,NA
chr19-56314452-56315324,1.45051266,9.403174947,1.113274937,0.265684849,0.845572709,-4.583027105,NA
chr2-11154846-11155791,-1.330311877,10.28182285,-1.124420577,0.260929941,0.845572709,-4.581116912,NA
chr2-156342200-156342982,1.45051266,9.403174947,1.113274937,0.265684849,0.845572709,-4.583027105,NA
chr2-231680696-231681636,-1.786046208,9.286106885,-1.141635578,0.253702048,0.845572709,-4.577813399,NA
chr20-33731730-33732658,1.535659235,9.878931572,1.106838502,0.268457764,0.845572709,-4.584177074,NA
chr21-10362880-10363744,-1.47456415,9.753502015,-1.098316045,0.272159875,0.845572709,-4.586327713,NA
chr21-8234046-8234950,1.263061215,10.35433871,1.137210917,0.255546333,0.845572709,-4.578320922,NA
chr22-21735480-21736411,1.466001091,9.983253952,1.108290914,0.267830312,0.845572709,-4.584118098,NA
chr22-26589645-26590537,1.692453411,9.443342963,1.119784404,0.262900605,0.845572709,-4.581617724,NA
chr3-39406282-39407174,-1.681472091,9.090763427,-1.123984193,0.261114995,0.845572709,-4.58072407,NA
chr3-50154597-50155546,-1.69921236,9.403174947,-1.083570351,0.278647585,0.845572709,-4.58839731,NA
chr4-75940573-75941340,1.484844868,9.385019218,1.15454001,0.248376257,0.845572709,-4.572609903,NA
chr5-107672124-107673041,1.735155164,9.060430455,1.104489888,0.269474518,0.845572709,-4.584666355,NA
chr5-75336625-75337550,-1.432188678,9.894834833,-1.146602344,0.251642873,0.845572709,-4.574581799,NA
chr5-81750876-81751726,-1.569906514,9.443342963,-1.085137006,0.277953342,0.845572709,-4.588521166,NA
chr6-145814309-145815241,-1.735866989,9.665580252,-1.134126231,0.256837592,0.845572709,-4.578952922,NA
chr7-2459990-2460967,1.647811411,9.205770851,1.077009178,0.281567899,0.845572709,-4.589692053,NA
chr7-25179920-25180833,-1.57681241,9.382914617,-1.077076363,0.281537891,0.845572709,-4.590027954,NA
chr7-4883289-4884180,-1.534016241,9.45142605,-1.070221336,0.284610896,0.845572709,-4.591641365,NA
chr8-119207998-119208887,1.489650121,9.443342963,1.147205963,0.251393415,0.845572709,-4.574555935,NA
chr8-12755121-12756025,-1.739382923,9.361251819,-1.097747549,0.272408065,0.845572709,-4.585889174,NA
chr9-112750317-112751198,-1.604092448,9.439029858,-1.086603704,0.277304463,0.845572709,-4.588090897,NA
chr9-35161578-35162473,1.520123601,9.477751443,1.133971008,0.256902688,0.845572709,-4.577955029,NA
chrX-49043126-49044077,-1.569906514,9.443342963,-1.085137006,0.277953342,0.845572709,-4.588521166,NA
chr19-44845717-44846605,1.62159548,9.6730949,1.066525061,0.286277268,0.847165331,-4.591664833,NA
chr18-57427531-57429310,-1.518031406,9.524247434,-1.063827974,0.287497334,0.848117137,-4.593004154,NA
chr16-87492041-87493453,-1.681102317,8.782121888,-1.059488408,0.289467759,0.848320886,-4.592498754,NA
chr3-50299066-50299959,1.632633704,9.197687765,1.057744102,0.290262337,0.848320886,-4.593086361,NA
chr4-154743610-154744498,1.439120685,9.443342963,1.059881168,0.289289049,0.848320886,-4.594787935,NA
chr1-183635422-183636310,-1.37342269,9.820258337,-1.040133774,0.298366544,0.852105548,-4.599934962,NA
chr12-108857219-108858103,1.408665211,9.491594066,1.04932139,0.294119762,0.852105548,-4.597392535,NA
chr13-91347143-91348059,1.490204662,9.70750338,1.039412251,0.29870178,0.852105548,-4.597789585,NA
chr14-75293787-75294699,1.510601485,9.6730949,1.029871966,0.303158059,0.852105548,-4.599079413,NA
chr16-49281635-49282596,1.628544584,9.443342963,1.028453048,0.303824595,0.852105548,-4.597722539,NA
chr19-5904145-5904989,-1.594726691,9.060430455,-1.04603593,0.295633715,0.852105548,-4.595342214,NA
chr2-112480708-112481500,1.323113558,9.45142605,1.025290888,0.30531352,0.852105548,-4.604150239,NA
chr2-69306852-69307728,-1.577658814,9.477751443,-1.033370153,0.301518944,0.852105548,-4.597568088,NA
chr21-36747441-36748391,1.49406515,9.45142605,1.024894639,0.305500438,0.852105548,-4.600172607,NA
chr3-138348037-138348986,1.530415042,9.649179635,1.039166461,0.298816037,0.852105548,-4.597240099,NA
chr3-49786096-49787022,-1.627149968,9.524247434,-1.042099267,0.297454609,0.852105548,-4.595659618,NA
chr4-184649102-184649972,1.370150736,9.638686421,1.023836891,0.305999768,0.852105548,-4.603062051,NA
chr5-34192002-34192992,1.444921976,9.544507764,1.037993717,0.299361595,0.852105548,-4.598820273,NA
chr5-96807230-96807982,1.317312163,9.726008599,1.037241704,0.29971178,0.852105548,-4.602000689,NA
chr7-44999536-45000478,1.375671246,9.320515364,1.027110964,0.304455934,0.852105548,-4.602323121,NA
chr9-27573126-27574086,-1.679201719,9.324590872,-1.043563118,0.296776634,0.852105548,-4.594995086,NA
chr5-172770782-172771632,-1.378408324,9.734091685,-1.018809387,0.308380494,0.856209371,-4.603736063,NA
chr2-68642841-68644016,-1.557835396,9.461848182,-1.009423142,0.31285798,0.866093645,-4.601463773,NA
chr1-9428536-9429460,1.569318731,9.157519749,1.007447957,0.313805623,0.866176925,-4.601559479,NA
chr1-178037516-178038440,-1.422958424,9.366513999,-0.998121683,0.31830563,0.866233251,-4.605959158,NA
chr14-92748181-92749082,1.401577049,9.491594066,0.999014356,0.317873087,0.866233251,-4.606394297,NA
chr2-183892178-183893134,1.471597946,9.120858801,0.997897891,0.318414129,0.866233251,-4.604811148,NA
chr2-64653470-64654429,1.387238898,9.320515364,1.003222066,0.315839437,0.866233251,-4.606123466,NA
chr6-15248206-15249089,-1.492898427,9.70750338,-1.004622087,0.315164686,0.866233251,-4.60335738,NA
chr1-152312993-152314304,1.421299312,9.443342963,0.991853499,0.321353731,0.866430094,-4.606951932,NA
chr1-46246881-46248263,1.421299312,9.443342963,0.991853499,0.321353731,0.866430094,-4.606951932,NA
chr12-71754489-71755365,1.421299312,9.443342963,0.991853499,0.321353731,0.866430094,-4.606951932,NA
chr14-92793746-92794648,-1.472249279,9.373429063,-0.990206479,0.3221578,0.866430094,-4.605906078,NA
chr17-50200024-50200984,1.454200386,9.403174947,0.982105751,0.326131645,0.868060965,-4.607484501,NA
chr21-7258438-7259459,1.224010628,9.883244677,0.98154544,0.326407681,0.868060965,-4.615999836,NA
chr6-134174621-134175457,1.429736297,9.086450322,0.981474951,0.326442418,0.868060965,-4.608225698,NA
chrY-11304887-11305631,1.406492604,9.090763427,0.987019838,0.323717232,0.868060965,-4.608082492,NA
chr16-34592583-34593536,-0.713662868,11.7992574,-0.978084057,0.328116294,0.870061184,-4.689658962,NA
chr1-153958179-153959028,-1.521317868,9.484079418,-0.957584591,0.33835401,0.876920507,-4.608906931,NA
chr17-21213866-21214819,-1.17410809,10.0944914,-0.966209909,0.334021657,0.876920507,-4.621333439,NA
chr2-224585112-224585991,-1.55636335,9.147602913,-0.964632527,0.334811263,0.876920507,-4.607298108,NA
chr20-47894660-47895516,1.284314461,9.566170562,0.96043626,0.336917687,0.876920507,-4.616400182,NA
chr6-31739551-31740375,1.771016741,8.854805074,0.968539146,0.332857884,0.876920507,-4.603309408,NA
chr7-35800658-35801534,-1.3850553,9.491594066,-0.956178757,0.339063544,0.876920507,-4.613012549,NA
chr7-6348478-6349367,1.33155857,9.120858801,0.960375272,0.336948364,0.876920507,-4.614422597,NA
chr8-124474369-124475313,1.448445192,9.484079418,0.958462302,0.337911508,0.876920507,-4.61072654,NA
chr9-124940659-124941582,-1.366259481,9.531762083,-0.956459994,0.338921525,0.876920507,-4.613638958,NA
chr6-13711479-13712398,-1.556948618,9.320515364,-0.952420752,0.340964918,0.879428641,-4.608650614,NA
chr3-150762871-150763780,1.478035627,9.382914617,0.94886961,0.342767895,0.881670007,-4.611021874,NA
chr1-113904632-113905579,-1.216319412,10.03616765,-0.907833617,0.364043377,0.884065374,-4.626654843,NA
chr1-205749167-205750010,1.377757652,9.507846817,0.938662375,0.347984164,0.884065374,-4.615417896,NA
chr1-24642644-24643595,-1.390401356,9.320515364,-0.880720457,0.378543875,0.884065374,-4.620547948,NA
chr1-248862903-248863857,1.380183066,9.197687765,0.874319953,0.382018173,0.884065374,-4.621459613,NA
chr1-3530914-3531849,1.38281581,9.70750338,0.921590541,0.356820695,0.884065374,-4.617118267,NA
chr1-36149138-36149995,-1.186721981,10.03406305,-0.935962184,0.349372462,0.884065374,-4.625037554,NA
chr1-3900238-3900946,1.380304093,9.544507764,0.904154002,0.365990651,0.884065374,-4.618944689,NA
chr10-104353210-104354150,1.412711725,9.260087018,0.919535013,0.357894114,0.884065374,-4.616228831,NA
chr10-80078455-80079400,-1.195061875,9.524247434,-0.872457949,0.383032561,0.884065374,-4.631479282,NA
chr11-47269422-47270330,-1.275298358,9.491594066,-0.892846418,0.372015285,0.884065374,-4.624844015,NA
chr11-65637756-65638535,-1.407234532,9.510099285,-0.904145055,0.365995394,0.884065374,-4.617906787,NA
chr12-118135699-118136558,-1.394510183,9.385019218,-0.902875713,0.366668648,0.884065374,-4.61850593,NA
chr12-21527399-21528274,1.157672794,9.443342963,0.890498144,0.373274107,0.884065374,-4.632406345,NA
chr12-63843533-63844394,-1.481594688,9.382914617,-0.915868421,0.35981389,0.884065374,-4.614315718,NA
chr14-23301073-23302211,-1.463188661,9.260087018,-0.916945587,0.359249231,0.884065374,-4.614786728,NA
chr14-57268280-57269242,1.394271956,9.477751443,0.902914813,0.366647898,0.884065374,-4.618511543,NA
chr14-70809184-70810078,-1.253495457,9.443342963,-0.877629727,0.380219137,0.884065374,-4.627413148,NA
chr15-73683820-73684774,1.280801442,9.403174947,0.937288611,0.348690042,0.884065374,-4.619677024,NA
chr16-58629689-58630641,1.297748068,9.600579042,0.937427619,0.348618575,0.884065374,-4.618863885,NA
chr19-38899320-38900247,1.170705685,9.443342963,0.904182326,0.365975637,0.884065374,-4.63001796,NA
chr19-40444135-40445039,-1.211983591,10.08441875,-0.937344792,0.348661157,0.884065374,-4.623318809,NA
chr19-40777777-40778844,1.381527218,9.632926884,0.89490081,0.370916164,0.884065374,-4.619733441,NA
chr19-42283591-42284833,-1.17157957,9.584675781,-0.879587515,0.379157433,0.884065374,-4.632465522,NA
chr2-169479140-169480085,-1.276127966,9.443342963,-0.898079311,0.369219612,0.884065374,-4.624296991,NA
chr2-207529399-207530328,1.165219714,9.98550642,0.892188813,0.372367537,0.884065374,-4.631688357,NA
chr20-28889422-28890357,1.308382833,9.772007234,0.906549851,0.364722016,0.884065374,-4.62184267,NA
chr20-30813492-30814621,-1.328841858,9.531762083,-0.895055098,0.3708337,0.884065374,-4.621993698,NA
chr22-45009513-45010482,1.222804054,9.461848182,0.92552287,0.354772852,0.884065374,-4.624206635,NA
chr3-14947003-14947798,1.15545022,9.368766467,0.875222094,0.381527295,0.884065374,-4.634039869,NA
chr3-179260944-179261838,1.387014266,9.647075033,0.905530256,0.365261569,0.884065374,-4.618550862,NA
chr3-196711951-196712899,1.381262375,9.755754483,0.932925378,0.350938027,0.884065374,-4.615945632,NA
chr3-47802681-47803649,1.307604091,9.443342963,0.874635383,0.381846496,0.884065374,-4.624764777,NA
chr4-139453396-139454340,1.44541215,9.473438338,0.915912191,0.359790935,0.884065374,-4.615461579,NA
chr4-37686092-37686987,1.40222647,9.507846817,0.87919903,0.379367962,0.884065374,-4.620191468,NA
chr5-132490421-132491262,-0.972575118,10.38874719,-0.875735248,0.381248247,0.884065374,-4.652038756,NA
chr6-41786123-41787015,-1.430845427,9.417323096,-0.907243803,0.364355073,0.884065374,-4.616769335,NA
chr8-11867597-11868536,1.205634654,9.6730949,0.888796797,0.374187783,0.884065374,-4.629293192,NA
chr9-124770892-124771821,1.14359322,9.987567058,0.884803738,0.376337607,0.884065374,-4.634029984,NA
chr9-35646440-35647351,-1.309868897,9.711578887,-0.938162306,0.348241008,0.884065374,-4.618226509,NA
chrX-3713147-3713990,1.45287042,9.320515364,0.895636234,0.370523196,0.884065374,-4.617018213,NA
chrX-93673044-93674001,-1.388176239,9.120858801,-0.87599544,0.381106806,0.884065374,-4.62100152,NA
GL000194.1-55893-56876,1.216497585,9.382914617,0.873692698,0.382359706,0.884065374,-4.629976196,NA
chr1-11925878-11926914,-1.153353687,9.864739459,-0.870654864,0.384016424,0.884174401,-4.634602637,NA
chr7-151251447-151252374,-1.275012316,9.566170562,-0.865334429,0.386928554,0.888711813,-4.627197598,NA
chr14-67359582-67360420,1.329110949,9.171667898,0.86331417,0.388037861,0.889096458,-4.624563056,NA
chr19-17215061-17215958,-1.371125944,9.393258111,-0.860316142,0.389687621,0.890714563,-4.622841292,NA
chr16-54928682-54929558,-1.286011692,9.443342963,-0.852186251,0.394182785,0.896647106,-4.627532926,NA
chr2-173963580-173964543,1.261558471,9.753502015,0.852963283,0.393751798,0.896647106,-4.628845498,NA
chr1-203272979-203273842,1.17011317,9.10460605,0.842171282,0.399763199,0.897913453,-4.635525124,NA
chr12-26937826-26938768,1.010899891,10.12458677,0.840950663,0.400446572,0.897913453,-4.650346856,NA
chr18-41818430-41819373,1.329495201,9.197687765,0.844013521,0.398733137,0.897913453,-4.625803912,NA
chr18-9614245-9615140,1.157034491,9.918750099,0.844233679,0.398610146,0.897913453,-4.6363656,NA
chr19-36687056-36687982,1.17011317,9.10460605,0.842171282,0.399763199,0.897913453,-4.635525124,NA
chr7-30284138-30285009,1.147552009,9.871067434,0.842267169,0.399709546,0.897913453,-4.63722835,NA
chr1-109493643-109494574,-1.042615187,9.443342963,-0.728675793,0.466260254,0.90197026,-4.650003183,NA
chr1-117366629-117367608,1.107794037,9.70750338,0.792497667,0.428136932,0.90197026,-4.643012404,NA
chr1-16623692-16624756,-1.261909635,9.507846817,-0.79512585,0.426606931,0.90197026,-4.631730648,NA
chr1-202144187-202144986,1.203747698,9.524247434,0.79274066,0.427995339,0.90197026,-4.635526927,NA
chr1-228734972-228735855,1.184992109,9.320515364,0.834915869,0.403835505,0.90197026,-4.634905624,NA
chr1-236794884-236795728,-1.178008812,9.484079418,-0.829307339,0.407000412,0.90197026,-4.635732658,NA
chr1-244862745-244863694,1.163394122,9.584675781,0.754902833,0.450370058,0.90197026,-4.639242841,NA
chr1-2586191-2587079,-0.71039253,10.90364412,-0.722550877,0.470015519,0.90197026,-4.710074738,NA
chr10-11611162-11612055,1.119154634,9.70750338,0.75131214,0.452527251,0.90197026,-4.642832175,NA
chr10-119725525-119726423,-1.011840666,9.894834833,-0.721264961,0.470806049,0.90197026,-4.653233194,NA
chr10-12129060-12130031,1.019278083,9.403174947,0.761725607,0.446287216,0.90197026,-4.652528656,NA
chr10-24724320-24725212,0.978042198,9.822816331,0.717765485,0.4729611,0.90197026,-4.657163271,NA
chr11-10540725-10541615,-1.042615187,9.443342963,-0.728675793,0.466260254,0.90197026,-4.650003183,NA
chr11-28107842-28108724,-1.030555917,9.443342963,-0.717870636,0.472896267,0.90197026,-4.651122722,NA
chr11-64778378-64779310,1.147887072,9.726008599,0.770817941,0.440879153,0.90197026,-4.640217972,NA
chr11-65314374-65315244,1.224238239,9.361251819,0.775203584,0.438284093,0.90197026,-4.634626986,NA
chr11-93197383-93198284,1.158471152,9.294495497,0.771973821,0.440194345,0.90197026,-4.639367717,NA
chr12-121626119-121626981,1.077716088,9.584675781,0.815895472,0.414628539,0.90197026,-4.644814408,NA
chr12-12266674-12267575,1.301265684,9.366513999,0.787415248,0.431104717,0.90197026,-4.629728372,NA
chr12-124320664-124321649,-1.153133351,9.137259419,-0.731063851,0.464800633,0.90197026,-4.640099525,NA
chr12-43758454-43759360,1.104626827,9.975739304,0.803859821,0.421545404,0.90197026,-4.642875083,NA
chr14-22852859-22853819,-1.217289182,9.403174947,-0.755084641,0.450260988,0.90197026,-4.635410885,NA
chr14-58244343-58245291,1.172751483,9.526352036,0.736223651,0.461655577,0.90197026,-4.638627797,NA
chr14-93115067-93116048,1.226112413,9.090763427,0.751368846,0.452493139,0.90197026,-4.634867177,NA
chr16-29973274-29974194,-1.32413957,9.197687765,-0.813580267,0.415953842,0.90197026,-4.627610873,NA
chr16-46390108-46390985,0.452665684,12.75124709,0.803983728,0.421473852,0.90197026,-4.861409803,NA
chr16-46394276-46395204,0.429365534,12.88508019,0.76844316,0.442288021,0.90197026,-4.881769738,NA
chr16-88811641-88812466,-1.155129441,9.320515364,-0.760712528,0.446892121,0.90197026,-4.639811612,NA
chr16-90019140-90019993,-1.117297257,9.524247434,-0.744605758,0.456571868,0.90197026,-4.643022263,NA
chr17-28380866-28381982,1.211319656,9.403174947,0.737558981,0.460843594,0.90197026,-4.635912538,NA
chr17-32518929-32519805,1.053403552,9.10460605,0.7229574,0.469765758,0.90197026,-4.648835529,NA
chr17-75525113-75526000,-1.197285166,9.137259419,-0.727610083,0.466912455,0.90197026,-4.636853507,NA
chr17-75904573-75905468,-1.038513226,9.665580252,-0.751500062,0.452414208,0.90197026,-4.650502338,NA
chr18-47748874-47750062,-1.173664608,9.443342963,-0.731436786,0.464572918,0.90197026,-4.638552185,NA
chr19-10870783-10871936,-0.980077121,10.03406305,-0.742627647,0.457768737,0.90197026,-4.657238448,NA
chr19-10960470-10961467,-0.926253462,10.34682406,-0.771760565,0.440320644,0.90197026,-4.664476039,NA
chr19-1266322-1267294,1.079205975,9.10460605,0.718612308,0.472439111,0.90197026,-4.646278239,NA
chr19-18109549-18110492,0.868019567,10.74415557,0.826422519,0.408634072,0.90197026,-4.672189247,NA
chr19-49877297-49878243,-1.100539325,9.753502015,-0.807371319,0.419520389,0.90197026,-4.643093273,NA
chr2-197515621-197516510,-1.189793864,9.566170562,-0.80302048,0.422030285,0.90197026,-4.636135779,NA
chr2-90385044-90386463,1.162754328,9.558655914,0.7470256,0.455110123,0.90197026,-4.639350721,NA
chr2-90390231-90391160,0.995456366,9.544507764,0.750241478,0.453171606,0.90197026,-4.655365976,NA
chr2-99489737-99490705,-1.030555917,9.443342963,-0.717870636,0.472896267,0.90197026,-4.651122722,NA
chr20-28513210-28514119,-1.155854498,9.584675781,-0.766676175,0.443337976,0.90197026,-4.639666803,NA
chr20-28871293-28872182,1.086030441,9.723406641,0.722981099,0.469751199,0.90197026,-4.645701519,NA
chr21-36156137-36157050,0.961340833,9.967518019,0.742385019,0.457915662,0.90197026,-4.65964765,NA
chr22-31943977-31944966,-1.189793864,9.566170562,-0.80302048,0.422030285,0.90197026,-4.636135779,NA
chr22-41468498-41469429,-1.153133351,9.137259419,-0.731063851,0.464800633,0.90197026,-4.640099525,NA
chr3-197959797-197960693,-1.266613667,9.03033508,-0.817157744,0.413907024,0.90197026,-4.630589062,NA
chr3-49021330-49022289,-1.064753255,9.830330979,-0.791837022,0.428522029,0.90197026,-4.647065801,NA
chr4-127964853-127965798,1.250869516,9.324590872,0.770039428,0.441340731,0.90197026,-4.633046028,NA
chr4-177441856-177442791,1.082183922,9.524247434,0.767858235,0.442635429,0.90197026,-4.645958617,NA
chr4-2241774-2242661,1.044767406,9.209277921,0.754549426,0.450582116,0.90197026,-4.649827628,NA
chr4-38663430-38664345,-0.922351361,10.40465045,-0.829377553,0.406960699,0.90197026,-4.662916392,NA
chr5-157743289-157744158,-1.030555917,9.443342963,-0.717870636,0.472896267,0.90197026,-4.651122722,NA
chr5-168579147-168580061,1.109027374,9.753502015,0.753542517,0.451186613,0.90197026,-4.643690163,NA
chr5-49601289-49602124,-0.561201839,12.23730262,-0.830612468,0.406262606,0.90197026,-4.777563111,NA
chr5-78648427-78649286,0.9509678,9.772007234,0.749196877,0.453800774,0.90197026,-4.661071339,NA
chr6-158167869-158168776,1.129784914,9.262191619,0.752440552,0.451848702,0.90197026,-4.641931237,NA
chr7-100585900-100586848,0.972680519,10.03185455,0.795785579,0.42622337,0.90197026,-4.657417714,NA
chr7-101815268-101816328,0.996736422,9.804311112,0.763275967,0.445362408,0.90197026,-4.655133106,NA
chr7-106284734-106285589,-1.182085472,9.544507764,-0.735195115,0.462281551,0.90197026,-4.637946401,NA
chr7-139340008-139340904,-1.218405583,9.393258111,-0.790353516,0.429387516,0.90197026,-4.634613539,NA
chr7-44606311-44607244,0.982843386,10.12889988,0.793886615,0.427327956,0.90197026,-4.656179463,NA
chr7-65750516-65751449,1.074461563,9.723406641,0.722071841,0.470309925,0.90197026,-4.646770239,NA
chr7-99558194-99559144,-1.075720201,9.566170562,-0.743417822,0.457290426,0.90197026,-4.646777607,NA
chr8-42152495-42153386,1.109525047,9.647075033,0.770072503,0.441321115,0.90197026,-4.643431656,NA
chr8-81111514-81112408,1.021096277,9.336418625,0.764055197,0.444898001,0.90197026,-4.652298197,NA
chr8-89983942-89984882,1.130775221,9.647075033,0.734720609,0.462570498,0.90197026,-4.641893916,NA
chr8-9555489-9556352,-1.197018389,9.209277921,-0.723855716,0.469214106,0.90197026,-4.636852116,NA
chr9-34637341-34638251,-1.234293362,9.185510521,-0.753103268,0.45145046,0.90197026,-4.634324821,NA
chr9-4984563-4985473,-1.121333971,9.408934484,-0.766407701,0.443497629,0.90197026,-4.642474963,NA
chrX-152830403-152831343,-1.237636283,9.120858801,-0.755227806,0.45017511,0.90197026,-4.634090739,NA
chrY-11322292-11323752,0.735200529,10.83813446,0.743912507,0.456991124,0.90197026,-4.703797987,NA
chr1-225923873-225924781,1.015297471,9.443342963,0.706158762,0.4801475,0.904631234,-4.652525694,NA
chr10-38578585-38579477,-0.911374678,9.894834833,-0.701805134,0.482858366,0.904631234,-4.665779357,NA
chr13-95552275-95553274,-1.136400673,9.443342963,-0.703340125,0.481901628,0.904631234,-4.64109056,NA
chr15-40108500-40109396,1.087401526,9.443342963,0.707168942,0.479519681,0.904631234,-4.645328199,NA
chr3-51941656-51942586,-1.136400673,9.443342963,-0.703340125,0.481901628,0.904631234,-4.64109056,NA
chr5-90409385-90410259,-1.094828729,9.201763272,-0.702054741,0.48270272,0.904631234,-4.644553917,NA
chr7-112939494-112940405,1.124315143,9.496256662,0.70165671,0.482950931,0.904631234,-4.642032679,NA
chr7-17899926-17901829,0.931626267,9.366513999,0.701608367,0.482981083,0.904631234,-4.662829838,NA
chr7-21427732-21428395,1.081025566,9.524247434,0.706176533,0.480136451,0.904631234,-4.645890594,NA
chr1-6784669-6785603,0.895023565,9.619084261,0.695459403,0.486824505,0.904643464,-4.668017805,NA
chr10-41874912-41875794,0.590601303,11.32967086,0.696098646,0.486424177,0.904643464,-4.753625169,NA
chr16-34580945-34581901,0.557715371,11.47847436,0.694459399,0.487451119,0.904643464,-4.770361931,NA
chr16-46398630-46399474,-0.472484617,12.05380627,-0.692408713,0.488737464,0.904643464,-4.827633134,NA
chr4-42656742-42657662,1.148219988,9.382914617,0.692984624,0.488376025,0.904643464,-4.639944114,NA
chr5-83076971-83077896,1.181506237,9.2436864,0.695970567,0.486504372,0.904643464,-4.637561076,NA
chr20-5126358-5127290,-0.802016777,10.35433871,-0.69004778,0.490220683,0.905613161,-4.684708931,NA
chr5-179550388-179551333,-1.018914331,9.584675781,-0.684487418,0.493723442,0.910302596,-4.651437953,NA
chr7-134986195-134987138,-1.060842483,9.10460605,-0.677235956,0.498311575,0.916971007,-4.646923608,NA
chr15-59688907-59689825,0.898142301,9.443342963,0.672211805,0.501503704,0.919261158,-4.666299771,NA
chr6-32838177-32839131,1.096530619,9.120858801,0.672889955,0.501072204,0.919261158,-4.643531586,NA
chr1-2227384-2228849,-0.825681632,10.00607228,-0.667216004,0.50468853,0.919741259,-4.678311292,NA
chr12-56103972-56104878,-0.990382423,9.612666554,-0.66899636,0.503552329,0.919741259,-4.653927512,NA
chr20-34302720-34303667,-0.944393244,9.584675781,-0.6677221,0.504365409,0.919741259,-4.659505692,NA
chr16-46387400-46388198,0.54551958,11.44827402,0.662482235,0.507716125,0.920554067,-4.771769022,NA
chr17-45135130-45136007,-1.050554766,9.141334926,-0.661945464,0.508060031,0.920554067,-4.647258169,NA
chr20-58388786-58389634,-1.062792165,9.584675781,-0.662589885,0.507647169,0.920554067,-4.646128742,NA
chr4-39181930-39182825,0.870389913,10.26591959,0.660154703,0.509208244,0.920867016,-4.669872245,NA
chr11-113875139-113876055,0.962088144,9.443342963,0.658121884,0.510513308,0.921182103,-4.65669965,NA
chr12-53625773-53626689,1.062998783,8.822289905,0.656844726,0.511334134,0.921182103,-4.645841254,NA
chr1-147172123-147173008,0.937728574,9.566170562,0.648356098,0.516807223,0.924057356,-4.659170277,NA
chr4-25233756-25234578,1.038977373,9.120858801,0.646783459,0.517824514,0.924057356,-4.647604945,NA
chr7-129611393-129612299,-1.028902116,9.294495497,-0.650870383,0.515182965,0.924057356,-4.648830695,NA
chr7-50782233-50783130,0.885904906,9.2436864,0.651754855,0.514612217,0.924057356,-4.666783687,NA
chr8-30082700-30083552,-0.895159843,9.894834833,-0.647907191,0.517097501,0.924057356,-4.665088902,NA
chr11-47152760-47153709,-0.988727411,9.45142605,-0.64195682,0.520953177,0.925492813,-4.65257078,NA
chr2-99140869-99141767,0.971819114,9.632926884,0.639498371,0.522550497,0.925492813,-4.65434351,NA
chr4-122732152-122733037,-0.779375441,10.06008292,-0.641461192,0.521274997,0.925492813,-4.685387723,NA
chr8-103539536-103540494,-1.032097262,9.484079418,-0.639590954,0.522490298,0.925492813,-4.64786611,NA
chrX-119574163-119575050,-0.984575889,9.361251819,-0.637214464,0.524036665,0.926386914,-4.652724814,NA
chr11-76444414-76445280,-1.018614585,9.375399968,-0.622291176,0.53380052,0.927487461,-4.648089495,NA
chr15-29103514-29104482,0.803456135,9.804311112,0.621320006,0.534439099,0.927487461,-4.678231889,NA
chr17-7014370-7015301,0.940471818,9.723406641,0.629286459,0.529212292,0.927487461,-4.657417988,NA
chr17-81142542-81143417,-1.028117291,9.197687765,-0.621841731,0.534095999,0.927487461,-4.647119603,NA
chr19-14136409-14137350,1.002545622,9.260087018,0.618761208,0.536123446,0.927487461,-4.649479752,NA
chr19-2061032-2061943,1.050885319,9.169109904,0.623496421,0.533008565,0.927487461,-4.645075757,NA
chr3-128680449-128681334,-0.917028868,9.6730949,-0.618266627,0.536449316,0.927487461,-4.65955838,NA
chr3-184335596-184336494,-0.846509044,9.612666554,-0.624013195,0.53266918,0.927487461,-4.670716719,NA
chr6-52503907-52504870,0.88008354,9.403174947,0.627320692,0.530499615,0.927487461,-4.66564677,NA
chr8-38176315-38177197,-1.028117291,9.197687765,-0.621841731,0.534095999,0.927487461,-4.647119603,NA
chr8-47960493-47961346,-0.927485567,9.477751443,-0.618920833,0.536018293,0.927487461,-4.658235429,NA
chr9-34458157-34459067,-0.886911807,10.01240025,-0.634737373,0.525650988,0.927487461,-4.665264656,NA
chr16-57735083-57736026,0.908400801,9.320515364,0.616626588,0.537530618,0.927657958,-4.660582169,NA
chr16-679601-680615,0.862004964,9.70750338,0.614408805,0.538994575,0.928487004,-4.667212618,NA
chr10-101353598-101354498,-0.947912788,9.334357988,-0.610967648,0.541270031,0.929681915,-4.654993698,NA
chr15-28095842-28096689,-0.790199722,9.894834833,-0.610381805,0.541657895,0.929681915,-4.679556024,NA
chr1-181088232-181089106,-0.942961467,9.443342963,-0.604092438,0.545830574,0.935143488,-4.654988757,NA
chr11-64000156-64001057,0.821834112,9.286106885,0.596616967,0.550810828,0.940262969,-4.671932152,NA
chr19-5680331-5681235,0.962834628,9.366513999,0.597415779,0.550277584,0.940262969,-4.652061712,NA
chr11-95089394-95090260,1.100707703,9.021946468,0.595084077,0.551834816,0.940310589,-4.638972411,NA
chr1-161225413-161226338,-0.937197823,9.209277921,-0.578035596,0.563286045,0.941807798,-4.653170881,NA
chr1-201888236-201889189,-0.877138536,9.443342963,-0.574709767,0.56553325,0.941807798,-4.660573898,NA
chr11-72793425-72794341,-0.877138536,9.443342963,-0.574709767,0.56553325,0.941807798,-4.660573898,NA
chr16-18926036-18926919,0.930947834,9.531762083,0.586212655,0.557779336,0.941807798,-4.654750523,NA
chr17-82297777-82298749,-0.861863358,9.443342963,-0.570068706,0.568676319,0.941807798,-4.662218318,NA
chr19-38402707-38403576,0.782931771,9.584675781,0.572468669,0.567049948,0.941807798,-4.675857987,NA
chr2-172555552-172556437,-0.792021695,9.798751346,-0.589983063,0.555249073,0.941807798,-4.676569167,NA
chr20-44521577-44522469,-0.861863358,9.443342963,-0.570068706,0.568676319,0.941807798,-4.662218318,NA
chr3-155870076-155870954,0.71650877,10.03616765,0.58800233,0.556577613,0.941807798,-4.692922907,NA
chr3-64022977-64023871,-0.94929578,9.320515364,-0.57024193,0.568558857,0.941807798,-4.650976223,NA
chr5-135398782-135399666,0.925322967,9.320515364,0.572153982,0.567263073,0.941807798,-4.653975527,NA
chr5-49665794-49666648,0.400137537,11.9564373,0.587128383,0.557164289,0.941807798,-4.862352155,NA
chr7-155457212-155458155,-0.861863358,9.443342963,-0.570068706,0.568676319,0.941807798,-4.662218318,NA
chr7-2843948-2844858,0.698180491,10.28182285,0.581093804,0.561223476,0.941807798,-4.696503951,NA
chr8-72536562-72537635,-0.877138536,9.443342963,-0.574709767,0.56553325,0.941807798,-4.660573898,NA
chr8-95133323-95134196,0.85667572,9.550267301,0.574166283,0.565900882,0.941807798,-4.663497673,NA
chr7-16645484-16646376,-0.836840548,9.663022258,-0.566960723,0.570785799,0.943645875,-4.665648798,NA
chr10-97640253-97641136,-0.902046534,9.507846817,-0.562617231,0.573740088,0.94406179,-4.655806628,NA
chr11-30322696-30323592,-0.822294452,9.772007234,-0.561321602,0.574622731,0.94406179,-4.667239356,NA
chr3-15205786-15206653,0.581318431,10.70691824,0.56373036,0.572982287,0.94406179,-4.731943201,NA
chr7-134316458-134317344,-0.764516354,9.838763555,-0.560712887,0.575037637,0.94406179,-4.677686697,NA
chr1-16613076-16613991,0.72465178,9.902846838,0.53685045,0.591413091,0.947523658,-4.681979126,NA
chr13-18211648-18212557,0.49197367,11.14681996,0.544919445,0.58585183,0.947523658,-4.771580395,NA
chr14-103333678-103334570,-0.937002413,9.145342505,-0.550619555,0.58193793,0.947523658,-4.650240506,NA
chr16-2155122-2156044,0.909672516,9.286106885,0.542745885,0.587347486,0.947523658,-4.652489526,NA
chr16-34586458-34587457,-0.4240678,11.86212275,-0.540473196,0.588913242,0.947523658,-4.819318711,NA
chr16-69385445-69386354,-0.889252128,9.006270096,-0.528903432,0.596913891,0.947523658,-4.653224998,NA
chr19-1248155-1249049,-0.78107882,9.945338404,-0.541992148,0.587866555,0.947523658,-4.671495996,NA
chr19-38849789-38850737,-0.682105594,10.37024197,-0.547987855,0.583743431,0.947523658,-4.694527822,NA
chr19-45001671-45002304,-0.871594042,9.382914617,-0.530675121,0.595685539,0.947523658,-4.655722468,NA
chr19-55117264-55118134,0.732665862,9.864739459,0.535027649,0.592672744,0.947523658,-4.679889213,NA
chr2-101001737-101002696,0.950931537,9.03033508,0.535709126,0.592201663,0.947523658,-4.647037302,NA
chr20-57709461-57710574,-0.837766311,9.558655914,-0.52846081,0.59722095,0.947523658,-4.66011082,NA
chr3-182793153-182794011,0.75690487,9.443342963,0.541347409,0.58831073,0.947523658,-4.676003376,NA
chr3-50235592-50236528,-0.637909766,10.06008292,-0.533143812,0.593975867,0.947523658,-4.703988348,NA
chr4-139175961-139176846,0.753023091,9.600579042,0.539932286,0.589286184,0.947523658,-4.676536078,NA
chr5-80109640-80110669,-0.895270723,9.197687765,-0.535542002,0.592317174,0.947523658,-4.653342976,NA
chr6-18154848-18155768,-0.795930336,9.774259702,-0.538002669,0.590617482,0.947523658,-4.668220186,NA
chr6-35920515-35921463,-0.859221093,9.090763427,-0.529212045,0.596699839,0.947523658,-4.657181556,NA
chr6-391331-392327,0.793608992,9.354923844,0.539521295,0.589569622,0.947523658,-4.668862779,NA
chr7-3300643-3302026,0.876812941,9.491594066,0.548311439,0.583521292,0.947523658,-4.657364834,NA
chr1-103525310-103526316,0.793784463,9.484079418,0.522452666,0.60139606,0.948731793,-4.666071254,NA
chr1-150293428-150294332,-0.74238567,9.566170562,-0.520675022,0.602633882,0.948731793,-4.675200047,NA
chr11-575638-576596,-0.717175811,9.994244523,-0.521354724,0.602160451,0.948731793,-4.680642053,NA
chr12-93441623-93442491,0.840562755,9.373429063,0.520138796,0.603007496,0.948731793,-4.658470671,NA
chr6-166382702-166383615,0.837771665,9.447418471,0.521691888,0.60192567,0.948731793,-4.659103373,NA
chr12-109713330-109714193,0.741403343,9.70750338,0.513446184,0.607679299,0.954491279,-4.674032793,NA
chr14-68978992-68979903,-0.797297261,9.524247434,-0.510532724,0.609718086,0.954817561,-4.66350777,NA
chr17-75182461-75183382,-0.808161145,9.484079418,-0.510258775,0.609909946,0.954817561,-4.661742846,NA
chr12-103840853-103841778,0.679979834,9.401419835,0.504382566,0.614031806,0.957548173,-4.685710476,NA
chr14-105490520-105491435,0.744352291,9.393258111,0.500635294,0.616666722,0.957548173,-4.671000441,NA
chr19-1039559-1040470,-0.841431812,9.179182546,-0.500465726,0.616786072,0.957548173,-4.655350269,NA
chr2-41840562-41841446,0.904810803,9.10460605,0.501695405,0.615920796,0.957548173,-4.64775198,NA
chr4-1792783-1793805,0.80824514,9.443342963,0.502369545,0.615446656,0.957548173,-4.660426199,NA
chr5-138542855-138543794,-0.708097302,9.755754483,-0.497670922,0.618754646,0.957548173,-4.677758387,NA
chrX-48918605-48919552,0.7832846,9.382914617,0.498709231,0.618022972,0.957548173,-4.66375004,NA
chr1-228406501-228407396,0.81212466,9.2436864,0.493762603,0.621512138,0.959195745,-4.658407674,NA
chr10-95183266-95184201,0.681492678,9.120858801,0.490407343,0.623883673,0.959195745,-4.682162611,NA
chr3-75668705-75669778,0.492973515,10.7471738,0.490936207,0.623509607,0.959195745,-4.750912414,NA
chr7-1065582-1066391,-0.841550809,9.090763427,-0.492277378,0.622561428,0.959195745,-4.654053828,NA
chr2-219177882-219178755,-0.817904112,8.784679882,-0.480816848,0.630683817,0.968074021,-4.655401895,NA
chr3-134250189-134251135,0.691217417,9.943085936,0.478407451,0.63239716,0.969128116,-4.677193902,NA
chr1-181104933-181105840,0.667269944,9.70750338,0.469612271,0.638668211,0.970326531,-4.68057257,NA
chr1-633506-635020,-0.234586087,13.02323829,-0.46682053,0.640664196,0.970326531,-5.056162148,NA
chr10-127796964-127798904,0.721366687,9.649179635,0.473276625,0.636052313,0.970326531,-4.669839196,NA
chr11-65860255-65861074,-0.671009827,9.584675781,-0.459100443,0.646197273,0.970326531,-4.677118215,NA
chr15-92808850-92809765,0.66761108,9.531762083,0.447695057,0.654407532,0.970326531,-4.675038551,NA
chr16-50245606-50246642,0.617934133,9.052209169,0.446383423,0.655354433,0.970326531,-4.686912517,NA
chr17-82098101-82098924,0.709871548,9.524247434,0.453620731,0.650136587,0.970326531,-4.667740261,NA
chr18-62522541-62523640,0.785957089,9.197687765,0.456384544,0.648148475,0.970326531,-4.655608164,NA
chr19-17225964-17226922,0.694362999,9.753999372,0.472015646,0.636951987,0.970326531,-4.675049898,NA
chr19-42396592-42397524,-0.744271548,9.403174947,-0.451234681,0.651854966,0.970326531,-4.661084865,NA
chr19-49118646-49119517,0.692284925,9.336418625,0.459895448,0.645626571,0.970326531,-4.67268786,NA
chr19-9818901-9819805,-0.610325237,9.780246127,-0.463317799,0.643172193,0.970326531,-4.693953896,NA
chr20-40688826-40689745,-0.74525075,8.967935828,-0.445776577,0.655792719,0.970326531,-4.6597913,NA
chr20-44210409-44211313,0.733183542,9.336418625,0.456542995,0.648034572,0.970326531,-4.664097261,NA
chr22-23069836-23070691,0.711814251,9.70750338,0.471540822,0.637290899,0.970326531,-4.671339516,NA
chr22-50525322-50526113,-0.793520637,9.137259419,-0.462831516,0.6435207,0.970326531,-4.655702997,NA
chr3-128725775-128726627,0.764996191,9.320515364,0.455118857,0.64905862,0.970326531,-4.658525129,NA
chr5-103258284-103259105,-0.642603144,9.596265937,-0.450241644,0.652570675,0.970326531,-4.681570716,NA
chr5-137754103-137755024,-0.651009091,9.524247434,-0.450554705,0.652345008,0.970326531,-4.679603956,NA
chr6-3258526-3259407,0.735426229,9.382914617,0.452433705,0.650991224,0.970326531,-4.662836626,NA
chr8-101205327-101206200,-0.681684919,9.382914617,-0.459079871,0.646212043,0.970326531,-4.674748241,NA
chrX-135031893-135032724,-0.651466452,9.584675781,-0.449028979,0.653445109,0.970326531,-4.679094635,NA
chr1-31296478-31297411,0.705548474,9.366513999,0.43584885,0.662979617,0.979425287,-4.664503473,NA
chr11-12673908-12674771,-0.571956531,9.913340052,-0.43413052,0.664226735,0.979734434,-4.696765697,NA
chr10-28676957-28677877,-0.548743488,10.03616765,-0.427958948,0.66871355,0.982134154,-4.70248529,NA
chr19-58558376-58559295,-0.703367987,9.090763427,-0.427603289,0.668972482,0.982134154,-4.662989063,NA
chr2-70142168-70143008,-0.627426805,9.885215583,-0.424743898,0.671055645,0.982134154,-4.678256249,NA
chr22-12693324-12694311,0.493951964,10.61098448,0.424920521,0.670926896,0.982134154,-4.723416148,NA
chr7-2403103-2403966,0.61941998,9.918750099,0.427242019,0.669235539,0.982134154,-4.680978536,NA
chr1-1890743-1891690,-0.668285449,9.443342963,-0.415125888,0.678081195,0.983681368,-4.666605367,NA
chr1-226109717-226110480,-0.655955362,9.157519749,-0.413315119,0.679407047,0.983681368,-4.668652125,NA
chr11-6389906-6390842,0.447508455,10.6123901,0.413974512,0.678924122,0.983681368,-4.74221229,NA
chr14-103057133-103058066,0.640037691,9.544507764,0.421541228,0.673391905,0.983681368,-4.674367292,NA
chr15-81323839-81324760,-0.668285449,9.443342963,-0.415125888,0.678081195,0.983681368,-4.666605367,NA
chr5-52787663-52788628,-0.564109216,9.723406641,-0.420070709,0.674465667,0.983681368,-4.694555173,NA
chrX-16870045-16870903,-0.668285449,9.443342963,-0.415125888,0.678081195,0.983681368,-4.666605367,NA
chr1-42846107-42847030,0.562590126,9.70750338,0.410512875,0.681460816,0.985143967,-4.691748372,NA
chr1-110034365-110035321,-0.552963799,9.361251819,-0.361529854,0.717730361,0.987062996,-4.677295252,NA
chr1-197200922-197201828,0.647016478,9.090763427,0.375158185,0.70757092,0.987062996,-4.660133711,NA
chr1-212284849-212285772,-0.574815155,9.507846817,-0.395026455,0.692853114,0.987062996,-4.682847963,NA
chr1-231421923-231422809,0.46194745,9.477751443,0.325524092,0.7448085,0.987062996,-4.691798088,NA
chr1-3313052-3313890,0.569881697,9.382914617,0.356452965,0.721527924,0.987062996,-4.671111396,NA
chr1-44354786-44355704,0.509817188,9.403174947,0.363596012,0.716186845,0.987062996,-4.691358062,NA
chr1-58903405-58904346,-0.602191639,9.120858801,-0.34561595,0.729657028,0.987062996,-4.660349952,NA
chr1-67684748-67685655,0.43255156,10.03616765,0.352565907,0.724440136,0.987062996,-4.718469979,NA
chr1-93681369-93682144,0.610093637,9.491594066,0.406111005,0.684691723,0.987062996,-4.677062614,NA
chr11-10807530-10808237,-0.480295025,9.408934484,-0.32902728,0.742159398,0.987062996,-4.686731204,NA
chr11-119168465-119169335,0.467947885,9.507846817,0.330051915,0.741385147,0.987062996,-4.691671899,NA
chr11-17734446-17735684,0.564267045,9.403174947,0.367495225,0.713277113,0.987062996,-4.67634218,NA
chr11-3854935-3855808,0.511023744,9.697430738,0.374597924,0.707987564,0.987062996,-4.695449033,NA
chr11-59615542-59616585,0.539289682,9.417323096,0.334259399,0.738208576,0.987062996,-4.671028681,NA
chr12-56315717-56316631,-0.576112668,9.524247434,-0.364321313,0.715645285,0.987062996,-4.672216606,NA
chr13-106535263-106536154,0.450434974,9.70750338,0.321455033,0.747889306,0.987062996,-4.694307711,NA
chr13-45340934-45341761,-0.504590172,9.94564393,-0.357532058,0.720720173,0.987062996,-4.690646659,NA
chr14-60091546-60092491,-0.575758241,9.385019218,-0.372763437,0.709352413,0.987062996,-4.675130197,NA
chr14-69151261-69152209,-0.549746644,8.822289905,-0.322601703,0.747020718,0.987062996,-4.664213009,NA
chr16-34581926-34582723,-0.294730317,11.73314816,-0.387912984,0.698109584,0.987062996,-4.863492171,NA
chr16-401407-402450,-0.490576955,9.795922499,-0.327052372,0.743652445,0.987062996,-4.682388761,NA
chr16-47037444-47038399,-0.51914984,9.526002546,-0.336901294,0.736216274,0.987062996,-4.677617084,NA
chr17-30905965-30906854,0.464040293,9.443342963,0.324500572,0.745583055,0.987062996,-4.690520164,NA
chr17-31558645-31559554,-0.540351872,9.336418625,-0.353779465,0.723530499,0.987062996,-4.677981095,NA
chr18-11908164-11908997,-0.512958352,10.06008292,-0.365615387,0.714679397,0.987062996,-4.691107889,NA
chr18-11980690-11981626,-0.398329137,10.08266364,-0.32859231,0.742488156,0.987062996,-4.723133216,NA
chr18-53588920-53590236,-0.554424867,9.524247434,-0.390250865,0.696380402,0.987062996,-4.687150003,NA
chr19-12064357-12065224,0.528568841,9.477751443,0.338624406,0.734917798,0.987062996,-4.675581762,NA
chr19-16495850-16496752,0.47586966,10.17750047,0.354292868,0.723145789,0.987062996,-4.699871265,NA
chr19-36139505-36140400,-0.575570225,9.443342963,-0.368105147,0.712822344,0.987062996,-4.673618164,NA
chr19-49641633-49642514,-0.514580027,9.723406641,-0.344770965,0.730292164,0.987062996,-4.68213723,NA
chr19-8513548-8514460,-0.452874917,9.897087301,-0.350992124,0.725620365,0.987062996,-4.70798757,NA
chr2-19349922-19350878,0.528890301,9.647075033,0.352780524,0.724279239,0.987062996,-4.680934485,NA
chr2-27211676-27212603,-0.481378194,9.699988732,-0.326213596,0.744286859,0.987062996,-4.685097294,NA
chr2-90383352-90384205,0.509817188,9.403174947,0.363596012,0.716186845,0.987062996,-4.691358062,NA
chr21-36069591-36070460,-0.507203275,9.368766467,-0.329423125,0.741860252,0.987062996,-4.678163576,NA
chr21-42878861-42879877,0.587065514,9.66076979,0.386593008,0.699086579,0.987062996,-4.676777198,NA
chr21-46458338-46459282,-0.498837926,10.06008292,-0.38287506,0.701841139,0.987062996,-4.703457175,NA
chr3-105868645-105869576,0.605697175,9.544507764,0.39013933,0.696462862,0.987062996,-4.673272834,NA
chr3-14124436-14125352,-0.488498453,9.795922499,-0.320435066,0.748662188,0.987062996,-4.680194484,NA
chr3-15332127-15332969,-0.601823578,9.566170562,-0.40458573,0.685812604,0.987062996,-4.678683189,NA
chr3-177359623-177360690,0.545998971,9.090763427,0.335232006,0.73747491,0.987062996,-4.669656086,NA
chr3-58305904-58306798,0.681678196,9.245938868,0.403697565,0.686465609,0.987062996,-4.661161214,NA
chr4-101347300-101348158,0.478067683,9.933816176,0.36126401,0.717929043,0.987062996,-4.702185069,NA
chr4-39044409-39045291,-0.651629803,9.320515364,-0.392152448,0.694975085,0.987062996,-4.663861498,NA
chr4-49120572-49121430,0.293442112,11.06809768,0.322230159,0.747302122,0.987062996,-4.804389823,NA
chr4-7042687-7043698,0.488098242,9.544507764,0.34404127,0.730840791,0.987062996,-4.690650242,NA
chr4-781551-782470,-0.397919843,10.25018365,-0.353557277,0.723697014,0.987062996,-4.738579705,NA
chr4-86934543-86935437,-0.461351609,10.06008292,-0.355309156,0.722384457,0.987062996,-4.706377238,NA
chr5-271061-271987,-0.537942718,9.544507764,-0.378152818,0.705345415,0.987062996,-4.687820198,NA
chr6-108559189-108560138,0.432117911,9.99965457,0.350256037,0.726172603,0.987062996,-4.717450181,NA
chr6-29627458-29629327,0.590772932,9.403174947,0.361315854,0.717890296,0.987062996,-4.667736782,NA
chr6-4021028-4021898,-0.609444441,9.144774067,-0.372844981,0.709291725,0.987062996,-4.667132185,NA
chr6-82247305-82248265,0.590772932,9.403174947,0.361315854,0.717890296,0.987062996,-4.667736782,NA
chr7-156892834-156893698,0.413194916,10.06008292,0.33594916,0.736934092,0.987062996,-4.719302304,NA
chr8-94822867-94823796,0.400688526,10.30032807,0.323263081,0.746519878,0.987062996,-4.718599445,NA
chr9-112717713-112718625,-0.636292186,9.366513999,-0.396983526,0.691409523,0.987062996,-4.668350747,NA
chr9-113410054-113410990,0.598020694,9.120858801,0.346306151,0.729138373,0.987062996,-4.661420633,NA
chr9-133148876-133149797,0.526006189,9.498227567,0.357423488,0.720801429,0.987062996,-4.683609763,NA
chr9-137422807-137423725,0.44942952,10.08266364,0.335114353,0.737563646,0.987062996,-4.701550419,NA
chr9-70418626-70419538,0.539289682,9.417323096,0.334259399,0.738208576,0.987062996,-4.671028681,NA
chr9-75027936-75028773,-0.575570225,9.443342963,-0.368105147,0.712822344,0.987062996,-4.673618164,NA
chrX-1452674-1453586,0.58206277,9.373429063,0.354264408,0.723167113,0.987062996,-4.667463177,NA
chr15-31215287-31216208,-0.521435538,9.477751443,-0.318570648,0.750075605,0.987128231,-4.669800682,NA
chr3-192917592-192918508,-0.523810396,9.403174947,-0.317611533,0.75080304,0.987128231,-4.668803689,NA
chr10-71212172-71213053,0.432741512,9.897087301,0.314220209,0.75337694,0.988796228,-4.697934246,NA
chr11-102109956-102110756,-0.462759062,9.830330979,-0.312857919,0.754411646,0.988796228,-4.685477323,NA
chr13-51452798-51453703,0.43525751,9.808668181,0.310230499,0.756408507,0.988796228,-4.694774808,NA
chr3-28241104-28242038,0.561186708,9.072258208,0.309046386,0.757308975,0.988796228,-4.656992836,NA
chr4-172377283-172378239,0.484832963,9.443342963,0.309331486,0.757092138,0.988796228,-4.676523439,NA
chr4-152535749-152536666,0.472947613,9.550267301,0.307402844,0.758559367,0.989060832,-4.679459434,NA
chr12-118376009-118376923,0.509057535,9.262191619,0.305429831,0.760061252,0.989652168,-4.667930529,NA
chr12-54358839-54359853,0.461149551,9.443342963,0.299974481,0.764218637,0.990964826,-4.679964651,NA
chr19-2050808-2051750,-0.32445902,10.58496461,-0.300624179,0.763723158,0.990964826,-4.754437336,NA
chr22-24155526-24156433,-0.455002141,9.10460605,-0.301707571,0.762897148,0.990964826,-4.68291828,NA
chr14-21455778-21456706,-0.5092255,9.120858801,-0.294644474,0.76828708,0.992762869,-4.663610756,NA
chr18-35972033-35972963,0.408892658,9.795922499,0.295922377,0.767311058,0.992762869,-4.698441653,NA
chr8-86342182-86343032,0.422377924,9.74191186,0.294025153,0.76876023,0.992762869,-4.691510151,NA
chr1-10398530-10399406,-0.057465914,9.566170562,-0.037241193,0.970295319,0.993953135,-4.686811538,NA
chr1-150560976-150561838,-0.403258939,9.382914617,-0.250202654,0.802448781,0.993953135,-4.675004208,NA
chr1-151546860-151547738,-0.115539177,9.524247434,-0.0734129,0.941482737,0.993953135,-4.683234187,NA
chr1-153633606-153634606,0.039458292,9.632926884,0.028713937,0.977094764,0.993953135,-4.708261722,NA
chr1-154974093-154975169,0.341398482,9.531762083,0.208957597,0.834496369,0.993953135,-4.67445999,NA
chr1-155688367-155689242,-0.286955321,9.443342963,-0.190836889,0.848667066,0.993953135,-4.688173435,NA
chr1-167220200-167221060,0.06557434,9.70750338,0.046510357,0.962906759,0.993953135,-4.703042798,NA
chr1-172532515-172533411,0.436532203,9.443342963,0.278528921,0.780626702,0.993953135,-4.678010852,NA
chr1-186375023-186375977,-0.233769606,10.12531102,-0.17357838,0.86220923,0.993953135,-4.709343584,NA
chr1-192808433-192809358,-0.393609218,9.66076979,-0.262076682,0.793281384,0.993953135,-4.685544807,NA
chr1-193104963-193105828,0.154242948,9.382914617,0.096521915,0.923112899,0.993953135,-4.680491017,NA
chr1-19485254-19486193,0.024869226,9.507846817,0.016961346,0.986468647,0.993953135,-4.695842984,NA
chr1-207321064-207322038,0.114456623,9.507846817,0.07657229,0.938969212,0.993953135,-4.691889748,NA
chr1-220747971-220748870,0.307277698,9.403174947,0.203183925,0.839005873,0.993953135,-4.68678254,NA
chr1-248837905-248838694,-0.294921468,9.524247434,-0.182869572,0.854913448,0.993953135,-4.677182654,NA
chr1-36223892-36224782,-0.279703674,9.443342963,-0.191400094,0.848225867,0.993953135,-4.693117485,NA
chr1-36385562-36386444,-0.115549446,9.99965457,-0.081503257,0.935047494,0.993953135,-4.701539161,NA
chr1-3649263-3650332,-0.403258939,9.382914617,-0.250202654,0.802448781,0.993953135,-4.675004208,NA
chr1-44673923-44674880,-0.107144744,9.443342963,-0.074897404,0.940301632,0.993953135,-4.699923258,NA
chr1-46197991-46198929,-0.279703674,9.443342963,-0.191400094,0.848225867,0.993953135,-4.693117485,NA
chr1-54052952-54053891,-0.041094201,9.584675781,-0.026092621,0.979185301,0.993953135,-4.683502103,NA
chr1-54581315-54582173,0.224243958,9.320515364,0.139020248,0.889444033,0.993953135,-4.678254573,NA
chr1-92784651-92785549,-0.242759873,9.693571025,-0.167844684,0.866717453,0.993953135,-4.695761671,NA
chr10-102151786-102152736,0.037577476,9.798751346,0.025012795,0.98004652,0.993953135,-4.691462866,NA
chr10-132537105-132538142,-0.274489552,11.17763958,-0.287313906,0.773892997,0.993953135,-4.792158322,NA
chr10-45594327-45595236,0.176056681,10.10885084,0.13805581,0.890206124,0.993953135,-4.722242592,NA
chr10-93702152-93703087,-0.193955589,9.03033508,-0.108657194,0.913482092,0.993953135,-4.664496882,NA
chr10-97498233-97499188,0.092596747,9.937255317,0.068667717,0.945258963,0.993953135,-4.711738263,NA
chr11-41955629-41956584,0.301890634,9.120858801,0.178283466,0.858513114,0.993953135,-4.670219717,NA
chr11-46346755-46347860,-0.370147303,9.443342963,-0.248139304,0.804044617,0.993953135,-4.687309207,NA
chr11-48900061-48901072,0.258513067,9.443342963,0.159176403,0.873541245,0.993953135,-4.676753492,NA
chr11-61580877-61581778,0.139079633,10.06008292,0.117195409,0.906713515,0.993953135,-4.739996025,NA
chr11-64878233-64879155,-0.20978855,9.864739459,-0.143739182,0.885716656,0.993953135,-4.694811388,NA
chr11-65354225-65355161,-0.310563316,9.046282305,-0.181239865,0.856192275,0.993953135,-4.668505456,NA
chr11-65540305-65541170,-0.037355804,9.665580252,-0.024868665,0.980161473,0.993953135,-4.691487623,NA
chr11-65613737-65614546,-0.403258939,9.382914617,-0.250202654,0.802448781,0.993953135,-4.675004208,NA
chr11-66856016-66856834,0.462043088,9.382914617,0.279905013,0.779570823,0.993953135,-4.670366363,NA
chr11-68750687-68752000,-0.168288464,9.584675781,-0.117452985,0.906509427,0.993953135,-4.698849387,NA
chr11-69636262-69637163,-0.326914594,9.649179635,-0.219821793,0.82602579,0.993953135,-4.689002032,NA
chr11-70270217-70271098,-0.316844017,9.526002546,-0.206894481,0.836107141,0.993953135,-4.684571018,NA
chr11-73760762-73761649,-0.344691975,9.090763427,-0.229882214,0.8181999,0.993953135,-4.68720921,NA
chr11-9573037-9573986,0.403766304,9.209277921,0.240552954,0.809919029,0.993953135,-4.669557535,NA
chr12-105107345-105108364,0.317070716,9.171667898,0.193621993,0.846485761,0.993953135,-4.674591996,NA
chr12-111766490-111767371,-0.063376489,9.382914617,-0.042012692,0.966491542,0.993953135,-4.690646835,NA
chr12-121399660-121400518,0.30788203,10.0265484,0.239057807,0.811078057,0.993953135,-4.715771347,NA
chr12-121466981-121467900,0.018931806,9.443342963,0.012533838,0.990000589,0.993953135,-4.69056243,NA
chr12-123601569-123602494,-0.40268822,9.245938868,-0.236248804,0.813256696,0.993953135,-4.667602974,NA
chr12-25250658-25251526,-0.337753556,9.382914617,-0.211515665,0.832500129,0.993953135,-4.677802002,NA
chr12-53379563-53380842,-0.091892528,10.90744877,-0.095063652,0.924270995,0.993953135,-4.800835651,NA
chr12-64451715-64452637,-0.097137547,10.06291176,-0.077135992,0.93852081,0.993953135,-4.726619633,NA
chr12-6851914-6852793,-0.273321232,10.04505362,-0.223675225,0.823026158,0.993953135,-4.728383726,NA
chr12-82358184-82359137,0.150226329,10.35450603,0.122858638,0.902227757,0.993953135,-4.732474879,NA
chr13-114281256-114282191,-0.221162004,9.605151906,-0.14406987,0.885455548,0.993953135,-4.686044506,NA
chr13-23375101-23376003,-0.107144744,9.443342963,-0.074897404,0.940301632,0.993953135,-4.699923258,NA
chr13-99987364-99988273,-0.361050828,8.685270192,-0.219698846,0.826121538,0.993953135,-4.673259577,NA
chr14-102509451-102510310,-0.217897277,9.435828315,-0.133375304,0.893906052,0.993953135,-4.676440822,NA
chr14-105300777-105301673,-0.116148871,9.443342963,-0.073254677,0.941608631,0.993953135,-4.682044498,NA
chr14-39102798-39103650,0.082646485,9.721346003,0.05443184,0.956594952,0.993953135,-4.689418955,NA
chr14-39266620-39267581,0.297520224,9.461848182,0.187825812,0.851026657,0.993953135,-4.679797027,NA
chr14-41252521-41254430,-0.141968869,9.699988732,-0.093133587,0.925804023,0.993953135,-4.688253453,NA
chr14-44961653-44962542,-0.037587388,9.566170562,-0.023187182,0.981502597,0.993953135,-4.678949647,NA
chr14-58199602-58200512,-0.170500285,9.834406486,-0.122647639,0.902394831,0.993953135,-4.704528037,NA
chr14-67619375-67620249,-0.193577469,9.491594066,-0.125359433,0.9002479,0.993953135,-4.685491307,NA
chr14-69611242-69612112,-0.240180127,9.647075033,-0.1518867,0.879287117,0.993953135,-4.681047237,NA
chr14-75069026-75069940,0.075638998,9.366513999,0.045652994,0.963590049,0.993953135,-4.67552594,NA
chr14-92106051-92106952,0.247126269,9.197687765,0.170149011,0.864905104,0.993953135,-4.694927944,NA
chr15-28456807-28457885,0.054555941,9.060430455,0.031990568,0.974481827,0.993953135,-4.671414685,NA
chr15-34583247-34584224,0.150327793,10.00248342,0.115376206,0.908155117,0.993953135,-4.718135003,NA
chr15-45522275-45523192,-0.261757471,9.382914617,-0.159806787,0.873044674,0.993953135,-4.675464062,NA
chr15-66842181-66843053,-0.129040442,9.524247434,-0.090680739,0.927752688,0.993953135,-4.700675733,NA
chr16-15642669-15643629,0.070919419,9.463819088,0.04601823,0.963298965,0.993953135,-4.686963102,NA
chr16-2882478-2883387,0.040572137,9.814427718,0.028268907,0.977449671,0.993953135,-4.699763373,NA
chr16-33337643-33339117,-0.364532317,9.918750099,-0.274818985,0.783475358,0.993953135,-4.70762244,NA
chr16-46384296-46385198,-0.085336229,9.70750338,-0.062111968,0.950478049,0.993953135,-4.707995027,NA
chr16-46385989-46386884,-0.146319303,11.24573229,-0.154965741,0.876859369,0.993953135,-4.806260852,NA
chr16-46400507-46401224,0.111053449,11.57788405,0.143679088,0.885764108,0.993953135,-4.885336576,NA
chr16-4802355-4803150,-0.283966829,9.350610738,-0.182688197,0.855055754,0.993953135,-4.682945337,NA
chr16-67183450-67184360,0.430960766,9.382914617,0.278442813,0.780692786,0.993953135,-4.679951281,NA
chr16-67561895-67562679,-0.276644133,9.55609792,-0.179452154,0.857595521,0.993953135,-4.684382638,NA
chr16-81006821-81007647,-0.45452491,9.423651071,-0.275564737,0.782902502,0.993953135,-4.670655895,NA
chr16-88452619-88453833,-0.114858371,9.584675781,-0.071379738,0.943100576,0.993953135,-4.679740128,NA
chr17-17496185-17497185,0.343119469,9.584675781,0.238671015,0.811377963,0.993953135,-4.694155716,NA
chr17-18038908-18039803,-0.232862418,9.443342963,-0.148012552,0.882343399,0.993953135,-4.681950934,NA
chr17-19377815-19378671,-0.08847961,9.897087301,-0.068937142,0.94504452,0.993953135,-4.722420285,NA
chr17-39952595-39953545,-0.215194012,9.649179635,-0.144744984,0.884922521,0.993953135,-4.691497369,NA
chr17-39980186-39981121,-0.165928005,10.14850204,-0.139210671,0.889293575,0.993953135,-4.738189724,NA
chr17-409778-410713,-0.31123088,9.443342963,-0.194684218,0.845654132,0.993953135,-4.678169037,NA
chr17-44186435-44187310,-0.196175155,9.443342963,-0.123904176,0.90139994,0.993953135,-4.681470864,NA
chr17-45893946-45894884,0.158898791,9.209277921,0.097420909,0.922399034,0.993953135,-4.677319951,NA
chr17-46193334-46194253,-0.169994328,9.016186931,-0.093212833,0.925741073,0.993953135,-4.661965958,NA
chr17-60391816-60392734,-0.03826912,9.403174947,-0.025728903,0.979475383,0.993953135,-4.693224783,NA
chr17-7239185-7240081,-0.025376569,9.320515364,-0.015172078,0.987895966,0.993953135,-4.674266705,NA
chr17-7351443-7352388,0.075638998,9.366513999,0.045652994,0.963590049,0.993953135,-4.67552594,NA
chr17-83051428-83052338,0.462043088,9.382914617,0.279905013,0.779570823,0.993953135,-4.670366363,NA
chr18-23502966-23503883,-0.033208591,9.70750338,-0.023403551,0.981330021,0.993953135,-4.70195997,NA
chr18-51197426-51198498,-0.130949047,10.03616765,-0.104590604,0.916708077,0.993953135,-4.727382995,NA
chr18-5295909-5296780,-0.04394539,9.55609792,-0.028126073,0.977563581,0.993953135,-4.684791994,NA
chr18-9474905-9475843,-0.362066463,9.403174947,-0.239706635,0.810575038,0.993953135,-4.685582907,NA
chr19-12551013-12551925,-0.29264658,9.03033508,-0.161914742,0.871384544,0.993953135,-4.661976508,NA
chr19-14529057-14529954,-0.364907654,9.918750099,-0.250659854,0.802095285,0.993953135,-4.691380693,NA
chr19-23273675-23274565,-0.220081817,9.477751443,-0.147481022,0.882762857,0.993953135,-4.690773967,NA
chr19-3093723-3094685,-0.335014507,9.484079418,-0.210256292,0.833482772,0.993953135,-4.678175749,NA
chr19-4007133-4008046,-0.190246481,9.496256662,-0.121881234,0.903001726,0.993953135,-4.683795405,NA
chr19-4402101-4402980,0.292602219,9.382914617,0.210660329,0.833167488,0.993953135,-4.701774215,NA
chr19-488703-489572,0.243676409,9.772007234,0.158610638,0.873986956,0.993953135,-4.685541111,NA
chr19-4968455-4969380,0.189291589,9.443342963,0.114806081,0.908606967,0.993953135,-4.675418193,NA
chr19-50510751-50511914,-0.178836864,9.524247434,-0.118008661,0.906069164,0.993953135,-4.68879977,NA
chr19-55598748-55599772,0.26834578,9.120858801,0.159936481,0.872942517,0.993953135,-4.67196361,NA
chr19-58362262-58363293,0.029395192,9.03033508,0.016681047,0.986692242,0.993953135,-4.66695512,NA
chr19-7943362-7944283,0.338666197,9.403174947,0.203957282,0.838401536,0.993953135,-4.672270406,NA
chr19-796867-797681,0.26894963,9.632926884,0.176907085,0.859594024,0.993953135,-4.686763983,NA
chr2-106193894-106194754,0.042248017,9.606907017,0.027106405,0.978376776,0.993953135,-4.68520191,NA
chr2-11746215-11747126,0.43031029,9.443342963,0.265636514,0.790538496,0.993953135,-4.673643152,NA
chr2-120252423-120253421,-0.097722368,9.937255317,-0.067154897,0.946463132,0.993953135,-4.69684185,NA
chr2-127407680-127408708,0.047881509,9.558350388,0.032168736,0.974339756,0.993953135,-4.693065874,NA
chr2-148881316-148882474,0.129698339,11.9445612,0.185374973,0.852948212,0.993953135,-4.928260945,NA
chr2-178072384-178073305,0.276011366,9.2436864,0.163219769,0.870357047,0.993953135,-4.670777239,NA
chr2-191020067-191020916,-0.279703674,9.443342963,-0.191400094,0.848225867,0.993953135,-4.693117485,NA
chr2-200811247-200812089,0.160188415,9.382914617,0.09723121,0.922549664,0.993953135,-4.675814719,NA
chr2-201451267-201452201,0.194760362,9.403174947,0.118709773,0.905513713,0.993953135,-4.676087625,NA
chr2-238906637-238909915,0.357073796,9.795922499,0.274841568,0.783458009,0.993953135,-4.711875053,NA
chr2-30146307-30147238,-0.154777374,10.6485945,-0.128499434,0.89776287,0.993953135,-4.735954269,NA
chr2-32063216-32064113,-0.133899045,10.01766243,-0.095655189,0.923801199,0.993953135,-4.703756223,NA
chr2-48314044-48314910,-0.029599838,9.443342963,-0.018021107,0.985623285,0.993953135,-4.676957398,NA
chr2-74002193-74003117,-0.180839314,10.00248342,-0.128361522,0.897871994,0.993953135,-4.701795212,NA
chr2-96265660-96266533,-0.167339616,9.320515364,-0.102030848,0.918739413,0.993953135,-4.676416895,NA
chr20-23361569-23362506,0.248439987,10.73170747,0.234816796,0.814367907,0.993953135,-4.765238882,NA
chr20-29326233-29327143,0.290858489,10.7037167,0.280867719,0.778832378,0.993953135,-4.76784907,NA
chr20-31067929-31068856,-0.230632526,11.34647652,-0.269854605,0.787291773,0.993953135,-4.833195599,NA
chr20-35615886-35616783,0.198788596,9.443342963,0.125068678,0.900478057,0.993953135,-4.680834383,NA
chr20-35664392-35665266,-0.121737827,9.918750099,-0.083396933,0.933541821,0.993953135,-4.69604246,NA
chr20-48827683-48828630,0.111723151,9.484079418,0.077665434,0.938099678,0.993953135,-4.698838313,NA
chr20-62142993-62143940,0.258513067,9.443342963,0.159176403,0.873541245,0.993953135,-4.676753492,NA
chr21-10431632-10432629,-0.151050412,10.20549124,-0.128608865,0.897676284,0.993953135,-4.742261911,NA
chr22-17171159-17172143,0.10799601,9.713831355,0.080688497,0.935695387,0.993953135,-4.713113206,NA
chr22-23144924-23145819,-0.119095298,9.531762083,-0.073195511,0.941655707,0.993953135,-4.678007259,NA
chr22-28882959-28884179,-0.025655545,9.6730949,-0.016908251,0.986511002,0.993953135,-4.689764195,NA
chr22-36028548-36029373,0.329903318,9.524247434,0.214179621,0.830422407,0.993953135,-4.683369928,NA
chr22-41285882-41286780,-0.221746147,9.477751443,-0.138794975,0.889622033,0.993953135,-4.679738935,NA
chr22-43954960-43955915,-0.01657737,9.70750338,-0.011538801,0.990794386,0.993953135,-4.699636737,NA
chr3-107431115-107432070,-0.058008604,9.403174947,-0.04001273,0.968085798,0.993953135,-4.697801852,NA
chr3-111071195-111072088,0.329903318,9.524247434,0.214179621,0.830422407,0.993953135,-4.683369928,NA
chr3-121749328-121750196,0.359701451,9.157519749,0.247336989,0.804665364,0.993953135,-4.691713393,NA
chr3-123584633-123585532,0.024928696,10.06415842,0.017635376,0.985930977,0.993953135,-4.702717819,NA
chr3-128617299-128618237,0.123906301,9.584675781,0.083249677,0.933658897,0.993953135,-4.692550385,NA
chr3-129314522-129315479,-0.212961549,9.423651071,-0.13178897,0.895160573,0.993953135,-4.67813208,NA
chr3-183635144-183636012,-0.330533685,9.120858801,-0.19211364,0.847666965,0.993953135,-4.667670618,NA
chr3-195442683-195443596,0.233889168,10.46709366,0.192657329,0.847241158,0.993953135,-4.73150287,NA
chr3-28348579-28349421,-0.100570134,9.614771155,-0.065238502,0.947988711,0.993953135,-4.686733326,NA
chr3-41961771-41962680,0.24163973,9.778335209,0.168580739,0.86613847,0.993953135,-4.697391444,NA
chr3-43621668-43622574,-0.25546437,9.544507764,-0.163991924,0.869749203,0.993953135,-4.683128399,NA
chr3-48088555-48089503,0.078692294,9.524247434,0.049977612,0.960143754,0.993953135,-4.683394365,NA
chr3-49802586-49803533,0.139255538,9.169109904,0.087278544,0.930456279,0.993953135,-4.680869818,NA
chr3-71064637-71065596,-0.192272313,9.373429063,-0.115973856,0.907681484,0.993953135,-4.674585416,NA
chr4-48340935-48341807,0.331104565,9.382914617,0.224370048,0.82248556,0.993953135,-4.690154133,NA
chr4-49657156-49658118,0.011880094,11.13720071,0.013101147,0.989548019,0.993953135,-4.824951025,NA
chr4-76147767-76148742,-0.34822293,9.491594066,-0.211117376,0.832810871,0.993953135,-4.673007714,NA
chr4-84341970-84343116,0.039864544,9.544507764,0.028879238,0.976962939,0.993953135,-4.707352179,NA
chr5-102754738-102755624,-0.265781076,9.703357602,-0.183681449,0.854276513,0.993953135,-4.695163109,NA
chr5-134923351-134926078,-0.183001747,10.71741146,-0.180458498,0.856805545,0.993953135,-4.781436248,NA
chr5-140638971-140639886,-0.20237093,9.507846817,-0.147661234,0.882620638,0.993953135,-4.706670859,NA
chr5-140710776-140711651,0.360652877,9.144774067,0.223302307,0.823316337,0.993953135,-4.675686926,NA
chr5-159772893-159773895,-0.302534237,9.443342963,-0.201914549,0.83999803,0.993953135,-4.688396281,NA
chr5-160119166-160120033,0.062390128,9.120858801,0.038940938,0.968940222,0.993953135,-4.68069778,NA
chr5-181191418-181192352,-0.082973263,9.584675781,-0.059648724,0.95243962,0.993953135,-4.705546588,NA
chr5-36241592-36242490,0.03542369,9.123981562,0.023277154,0.981430835,0.993953135,-4.689234662,NA
chr5-49659550-49660395,-0.03744277,11.78856043,-0.051105183,0.95924531,0.993953135,-4.91386095,NA
chr5-55994586-55995531,0.440816516,9.144774067,0.257125507,0.797100567,0.993953135,-4.666102858,NA
chr5-58582571-58583489,0.340907832,9.507846817,0.215544654,0.829358223,0.993953135,-4.679134748,NA
chr5-6712788-6715140,-0.215353692,10.18975531,-0.167984918,0.866607139,0.993953135,-4.720031502,NA
chr5-80255617-80256495,-0.451712887,9.320515364,-0.275561595,0.782904915,0.993953135,-4.671529577,NA
chr6-10747204-10748143,-0.092267677,9.443342963,-0.056117611,0.955252073,0.993953135,-4.676590777,NA
chr6-118934669-118935404,0.252143146,9.477751443,0.153237325,0.878222042,0.993953135,-4.674945138,NA
chr6-125790302-125791239,0.333602039,9.584675781,0.220881647,0.825200511,0.993953135,-4.686351406,NA
chr6-13813956-13814787,0.294715849,9.668949122,0.20006765,0.841442038,0.993953135,-4.691397064,NA
chr6-143842813-143843749,-0.400413043,9.463819088,-0.245984935,0.80571172,0.993953135,-4.673712022,NA
chr6-28923471-28924342,-0.279426232,9.171667898,-0.158508402,0.874067502,0.993953135,-4.665243345,NA
chr6-3118192-3119097,-0.152883873,10.03616765,-0.11114848,0.911506482,0.993953135,-4.70690306,NA
chr6-71288343-71289234,0.275740353,9.373429063,0.165887739,0.868257138,0.993953135,-4.673163093,NA
chr6-73653583-73654451,0.036103611,9.373429063,0.02230124,0.982209231,0.993953135,-4.679156493,NA
chr7-112206049-112206984,-0.209063843,9.6730949,-0.135695985,0.892071266,0.993953135,-4.685640465,NA
chr7-151083008-151083957,0.05156944,9.382914617,0.035970465,0.971308444,0.993953135,-4.699922179,NA
chr7-24979801-24980629,0.121773139,9.443342963,0.082201267,0.934492475,0.993953135,-4.693399944,NA
chr7-26200502-26201288,0.331198969,9.491594066,0.208251365,0.83504768,0.993953135,-4.678529832,NA
chr7-33062409-33063335,0.086275064,9.544507764,0.054966353,0.956169147,0.993953135,-4.683862954,NA
chr7-53822993-53824186,0.316842159,9.45142605,0.19579436,0.844785172,0.993953135,-4.676290022,NA
chr7-66114571-66115517,0.275771197,9.354923844,0.172275623,0.863233157,0.993953135,-4.678615856,NA
chr7-91071317-91072278,-0.088007273,9.052209169,-0.059837544,0.952289245,0.993953135,-4.694981313,NA
chr7-93231791-93232732,-0.045642636,9.795922499,-0.031073956,0.975212749,0.993953135,-4.695457362,NA
chr7-94657776-94658686,-0.307588253,9.584675781,-0.21705405,0.828181858,0.993953135,-4.697720539,NA
chr8-108443185-108444155,-0.121554309,9.804311112,-0.081728456,0.934868425,0.993953135,-4.69270075,NA
chr8-124372249-124373139,0.255226021,9.897087301,0.185445324,0.852893041,0.993953135,-4.7045601,NA
chr8-142669490-142670401,0.279125806,9.443342963,0.17384901,0.861996552,0.993953135,-4.678112947,NA
chr8-17246453-17247392,-0.149772179,9.45630444,-0.104133842,0.917070509,0.993953135,-4.698418094,NA
chr8-22599109-22600212,-0.323326056,9.76151402,-0.238980506,0.811137991,0.993953135,-4.70561063,NA
chr8-28411603-28412533,-0.080020671,9.382914617,-0.049317846,0.960669476,0.993953135,-4.67866014,NA
chr8-30657738-30658664,-0.327091967,9.320515364,-0.208212808,0.835077781,0.993953135,-4.680439917,NA
chr8-70608006-70608717,-0.301293728,9.2436864,-0.196738234,0.844046506,0.993953135,-4.684917415,NA
chr9-121201525-121202319,0.385701817,9.403174947,0.235077266,0.814165759,0.993953135,-4.672963895,NA
chr9-129036052-129037000,-0.370147303,9.443342963,-0.248139304,0.804044617,0.993953135,-4.687309207,NA
chr9-136944190-136945063,0.035590731,8.862290478,0.019427842,0.984501168,0.993953135,-4.661925147,NA
chr9-137070167-137071095,-0.261308904,9.443342963,-0.164782214,0.869127164,0.993953135,-4.680275118,NA
chr9-137604926-137605954,-0.256246752,9.498227567,-0.158125051,0.874369535,0.993953135,-4.677108051,NA
chr9-15422352-15423243,-0.029416042,9.403174947,-0.018850376,0.984961794,0.993953135,-4.685032227,NA
chr9-36487342-36488185,-0.172048785,9.572498537,-0.110794666,0.911787026,0.993953135,-4.684854005,NA
chr9-94030313-94031254,0.408553151,9.737598754,0.274509798,0.783712897,0.993953135,-4.686466031,NA
chrX-386773-387587,-0.072019765,9.443342963,-0.051151479,0.959208422,0.993953135,-4.703262997,NA
chrY-10999475-11000373,0.30446251,9.443342963,0.202466631,0.839566486,0.993953135,-4.687761931,NA
chrY-11311869-11313041,-0.249233514,9.788407851,-0.173391292,0.862356261,0.993953135,-4.696718438,NA
chrY-11333694-11334494,0.028559133,10.56238388,0.027461998,0.978093185,0.993953135,-4.778626442,NA
chr9-132240642-132241679,-0.014496264,9.382914617,-0.009533444,0.992394199,0.994501193,-4.689414813,NA
chr3-10320687-10321651,-0.009577904,9.417323096,-0.005794887,0.995376783,0.996432326,-4.676039371,NA
chr14-77320681-77321500,0.005505641,9.647075033,0.003879665,0.996904756,0.996904756,-4.701991322,NA
